1,盘点2024丨镜头下的南农这一年,0
2,我校举办第二届 “未来奖学奖教金”颁奖典礼,0
3,中共中央政治局召开民主生活会 习近平主持会议并发表重要讲话,0
4,南京农业大学第八届钟山国际青年学者论坛开幕,0
5,学校召开第六届研究生教育工作会议,0
6,中央农村工作会议在京召开 习近平对做好“三农”工作作出重要指...,0
7,公共管理学院欧名豪教授团队获批国家社科基金重大项目,0
8,2024年动物生殖调控与胚胎工程国际研讨会在南京召开,0
9,我校辅导员甄亚乐获全国高校辅导员“优秀风采”称号,0
10,教育部高校思想政治工作简报报道南农育人模式,0
11,南京农业大学现代农业分析测试中心揭牌,0
12,学校召开学习贯彻落实习近平总书记给中国国际大学生创新大赛参赛...,0
13,“金色丰碑——金善宝先生纪念展”开展,0
14,2024“省长杯”江苏省大学生足球联赛总决赛在南农举行,0
15,全国一等奖！我校学子在第三届中国研究生金融科技创新大赛上取得...,0
16,2024年“瑞华杯大学生年度人物”风采展评揭晓,0
17,南农在2024年度中国国际大学生创新大赛中斩获1金2银4铜,0
18,校长陈发棣一行到麻江县调研推进定点帮扶工作,0
19,学校党委巡察工作领导小组研究部署巡察工作,0
20,我校召开MPA办学20周年发展大会暨公共管理高峰论坛,0
21,南农合作研发的中华物产大模型在世界互联网大会发布,0
22,校长陈发棣为学生讲授形势与政策课,0
23,联合国粮农组织与南农联合举办全球首届RENOFARM培训,0
24,中国畜产品加工研究会第八次全国会员代表大会在南京召开,0
25,把审核评估成效切实转化为教育教学改革实践,0
26,校党委书记王春春和校长陈发棣带队调研走访教学科研一线,0
27,校党委书记王春春讲授专题思政课：以“种子之力”谱写强农兴农新...,0
28,国家大豆生物育种产教融合创新平台盱眙科教基地开工建设,0
29,南农2项成果入选2024年度“火花技术”名单,0
30,中国农业风险管理研究会2024年学术年会在南农举办,0
31,中国农学会教育专业委员会召开2024年学术年会,0
32,思享汇 | 如何“撞”进青年怀抱？,0
33,亚洲农业科教创新联盟2024年会在泰国举行,0
34,南农环境生态学首次跻身ESI全球前千分之一,0
35,教育部党组第五巡视组巡视南京农业大学党委工作动员会议召开,0
36,​“十百千万”工程：以人才“新智”助力农业“新质”,0
37,“南农方案”连续三届入选全球减贫最佳案例,0
38,部省领导视察我校共建江苏泰兴科技小院,0
39,全国农林校企人才大会在南农举办,0
40,南农主办第五届国际生物设计研究大会,0
41,“道德的力量”先进事迹巡演走进南农,0
42,稻谷飘香，宁粳丰收好“答卷”！,0
43,我校“5G+新农科智慧教学科研基地”获批全国典型项目,0
44,学校召开本科教育教学审核评估迎评工作会议,0
45,南京农业大学滁州科教创新园开工建设,0
46,我校滨江校区章之汶图书馆馆名正式揭幕,0
47,我校隆重举行滨江校区启用大会,0
48,我校首届校园马拉松比赛在滨江校区开跑,0
49,振奋！南京农业大学迎领天安门广场国旗,0
50,2024中国农学会年会暨中国现代农业发展论坛在南京农业大学举行,0
51,我校举办“遇见南农”2024年迎新生联欢晚会,0
52,沈其荣院士团队“木霉”技术促盐碱地改良,0
53,南农老同志热议习近平总书记给“银龄行动”老年志愿者代表回信,0
54,智慧稻作技术现场观摩会在盐城举行,0
55,学校召开实验教学中心专业内涵建设论证会,0
56,校长陈发棣出席2024世界农业科技创新大会,0
57,我校33种教材入选江苏省“十四五”普通高等教育本科省级规划教材,0
58,沈其荣院士团队木霉菌项目进行试验示范,0
59,“宁香粳9号”绿色高质高效生产现场观摩培训会议在常州溧阳召开,0
60,学校召开第十三届学位评定委员会第九次会议,0
61,中国驻肯尼亚使馆临时代办张执中调研南农孔院,0
62,南京农业大学开学第一课叩响作为 “智”启担当,0
63,我校举行2024级本科生军训总结表彰大会,0
64,优质食味粳稻现场观摩培训会在望江召开,0
65,第二届宿州大豆产业创新高质量发展大会举行,0
66,我校与宁夏科技厅签订战略合作协议,0
67,《中国教育报》刊发沈其荣院士专访文章,0
68,学校严明登记制度  有效防范违规“打招呼”请托办事不正之风,0
69,我校国际师生热议习近平主席复信非洲50国学者,0
70,校党委理论学习中心组（扩大）专题学习全国教育大会精神,0
71,南京农业大学与南京江北新区举行校地融合发展战略合作签约仪式,0
72,我校干部师生热议全国教育大会精神,0
73,我校20个专业获批江苏高校品牌专业建设工程三期项目,0
74,理论学习丨习近平在全国教育大会上发表重要讲话,0
75,尊师重教，温暖润心！校领导为全校教师送去节日祝福,0
76,我校召开党的建设工作领导小组会议暨党纪学习教育总结会议,0
77,肯尼亚高校代表团来访南农,0
78,三校区迎新丨眼前人是“新”上人！,0
79,三校区返校丨老同学，新感受！,0
80,我校入选首批来华留学“感知中国”微课程与实践基地,0
81,图解丨学校第十二届党委第十九次会议精神,0
82,校党委召开第十二届委员会第十九次全体（扩大）会议,0
83,【特稿】弘扬和践行教育家精神的三重进路,0
84,学校印发通知  进一步明确师德师风建设“十项禁令”,0
85,南京农业大学第二附属幼儿园揭牌成立,0
86,我校国家社科基金重大项目开题论证会顺利召开,0
87,省级“大食物安全治理与政策智能实验室”建设召开专家论证会,0
88,第七届农业经济理论前沿论坛在南农举办,0
89,省委宣讲团来我校宣讲党的二十届三中全会精神,0
90,我校第六次入选教育部直属高校精准帮扶典型项目,0
91,我校与交通银行江苏省分行签署战略合作协议,0
92,教育部部长怀进鹏：深化教育综合改革,0
93,校领导访问老挝,0
94,【通讯】《中国青年报》头版报道我校智慧农业团队育智慧人才,0
95,全国农业展览馆（中国农业博物馆）来校洽谈合作,0
96,校长陈发棣慰问滨江校区运行筹备一线工作人员,0
97,我校与江苏省农垦集团签订战略合作协议,0
98,33项奖!南农学子在江苏大学生创新大赛中再创佳绩,0
99,我校4项成果获教育部第九届高等学校科学研究优秀成果奖（人文社...,0
100,中共中央关于进一步全面深化改革推进中国式现代化的决定,0
101,学校召开部分重点领域单位党纪学习教育报告会,0
102,校领导看望慰问暑期奋战一线的师生员工,0
103,校领导检查指导我校本科招生录取工作,0
104,我校与工商银行江苏省分行签署战略合作协议,0
105,纳米比亚霍马斯省省长访问南农,0
106,全国人大常委会副委员长雪克来提·扎克尔来南农基地调研,0
107,提振精神再出发！校党委十二届十八次全委（扩大）会议精神解读,0
108,校党委召开十二届十八次全委（扩大）会议,0
109,央视专访南农校长陈发棣：要把大学与大地紧密结合,0
110,我校滨江校区喜迎首批师生,0
111,南农学子荣获第四届江苏省大学生国土空间规划大赛一等奖,0
112,学校举行2024年研究生导师培训会议,0
113,校长陈发棣率团访问英、荷合作院校及科研机构,0
114,我校召开庆祝中国共产党成立103周年座谈会,0
115,校党委书记王春春赴无锡走访优质生源基地中学,0
116,校党委书记王春春赴麻江县调研,0
117,一等奖3项！南农再获全国大艺展最高奖,0
118,首届全国研究生乡村振兴案例大赛在贵州麻江开赛,0
119,我校启动2024年本科招生宣传工作,0
120,南京农业大学文化遗产系列揭牌,0
121,我校隆重举行2024年研究生毕业典礼暨学位授予仪式,0
122,南农承办第五届园艺植物生物技术与分子育种国际研讨会,0
123,我校隆重举行2024届本科生毕业典礼暨学位授予仪式,0
124,我校党委理论学习中心组开展警示教育现场教学,0
125,滨江校区丨学校召开搬迁滨江校区动员大会,0
126,党代会专题｜数说南农这5年：社会服务成效影显,0
127,滨江校区｜校区与道路景观命名方案发布,0
128,学校党委巡察工作领导小组专题听取巡察工作汇报,0
129,学校召开第十三届学位评定委员会第七次会议,0
130,智慧麦作技术现场观摩交流会在山东举行,0
131,校党委书记王春春讲授党纪学习教育专题党课,0
132,南农学子斩获“全球环境解决方案挑战赛”冠军,0
133,江苏省政协副主席周岚走访调研南农,0
134,南农主办《生物设计研究》期刊被ESCI数据库收录,0
135,南农入选全国高校乡村振兴“十佳案例”,0
136,教育时评：迈出教育强国建设的铿锵步伐,0
137,南农孔子学院承办世界小学生中文秀肯尼亚赛区决赛,0
138,我校武术队在中国大学生武术套路锦标赛喜获3金5铜,0
139,“引凤工程”之“栖凤论坛”走进南京农业大学,0
140,黄山市委常委、徽州区委书记张伟一行来校洽谈合作,0
141,吴顺凡教授斩获江苏省高校教师教学创新大赛特等奖,0
142,朱艳教授荣获南京市“十大科技之星”称号,0
143,南农举办全省农商行新任领导人员能力提升培训班,0
144,校党委书记王春春：以“千万工程”理念振兴乡村,0
145,南农召开乡村振兴工作领导小组会暨2024年定点帮扶工作推进会,0
146,中国草学会2024年会在南京召开,0
147,校第九届学术委员会教育教学指导委员会召开第一次全体会议,0
148,江苏省学位与研究生教育学会工作研讨会召开,0
149,南农与中国邮政共建“大地学堂·兴农驿站”,0
150,南农隆重纪念吴兆苏先生诞辰105周年,0
151,教育部风景园林教指委大会暨景观可持续科学论坛开幕,0
152,党代会专题｜数说南农这5年：科研综合实力持续提升,0
153,南农农业科学进入ESI全球学科排名前万分之一,0
154,校领导率团访问联合国粮农组织和巴黎高科农学院,0
155,南农中法植物表型组学合作成果入选中法科技合作成果展,0
156,大学与大地丨“小院”里的乡村振兴“大文章”,0
157,南农青年师生热议习近平总书记五四青年节寄语,0
158,南农2024年五四表彰大会暨大学生梦想公开课开讲,0
159,南农入选1项农业重大引领性技术和4项农业主导品种主推技术,0
160,党代会专题｜数说南农这5年：教育国际化进程加速推进,0
161,吴荣顺：扎实开展党纪学习教育 推动全校形成遵规守纪的高度自觉,0
162,校长陈发棣率队赴塔里木大学、石河子大学、新疆农垦科学院调研,0
163,学校召开党委教师工作委员会2024年第一次会议,0
164,学校召开2024年全面从严治党工作会议暨党纪学习教育动员部署会,0
165,我校党纪学习教育专题读书班开班,0
166,江苏省常务副省长马欣考察调研南农孔子学院,0
167,党代会专题｜数说南农这5年：党的建设全面加强,0
168,学校开展新学期校领导接待日活动,0
169,我校组织科级干部专题培训,0
170,学校党委启动部署党纪学习教育工作,0
171,德国科学院院士Ralph Bock受聘为南农名誉教授,0
172,南农首届“YUE跃•山海”学生国际交流嘉年华精彩纷呈,0
173,南农51人入选爱思唯尔2023“中国高被引学者”榜单,0
174,华南农大党委书记李凤亮、校长薛红卫率队来南农调研交流,0
175,经济管理学院政策研究成果获江苏省主要领导批示,0
176,江苏省农垦集团有限公司党委书记、董事长吴本辉到校调研交流,0
177,我校举行农业废弃物资源化利用全国重点实验室组建专家论证会,0
178,我校举办“2024年中央一号文件暨全国两会精神专题学习研讨会”,0
179,南农召开思想政治理论课高质量发展推进会,0
180,学校党委理论学习中心组召开学习会,0
181,江苏省副省长赵岩来校调研,0
182,校领导班子成员开展岁末年初安全大检查,0
183,我校菊花遗传与种质创新团队荣获江苏省十大科普集体称号,0
184,学校开展春节走访慰问离退休老同志活动,0
185,学校召开新校区实验室建设专题推进会,0
186,江苏省委书记信长星看望慰问盖钧镒院士,0
187,南京市委常委、组织部部长王华来校看望专家,0
188,滁州市委常委、组织部部长周文芳一行来校对接校地合作,0
189,南京市委副书记沈文祖来校看望专家,0
190,习近平主席复信北交大肯尼亚留学生及校友代表在南农师生中引发热...,0
191,基金委地学部重大项目“土壤生物复合污染过程与调控”年度总结会...,0
192,国家重点研发计划“大豆重要病虫害演替规律与全程绿色防控技术体...,0
193,数字教育 引领未来 | 2024世界数字教育大会,0
194,我校召开2023年度援派挂职干部座谈会,0
195,我校启动寒假“访企拓岗促就业”活动,0
196,我校召开辅导员工作座谈交流会,0
197,学校召开2024年离退休老同志迎春团拜会,0
198,中共南京农业大学第十二届委员会第十五次全体会议召开,0
199,江苏省副省长方伟来校看望专家,0
200,我校召开2023年度南京农业大学社会合作创新发展大会,0
201,我校《齐民要术》复制本被中国国家版本馆永久收藏,0
202,教育部学位管理与研究生教育司司长任友群来校调研,0
203,我校在江苏省第七届大学生艺术展演活动中喜获佳绩,0
204,我校召开第六届教职工代表大会第五次会议,0
205,我校召开2023年度院级党组织书记述职评议考核大会,0
206,我校新增38篇江苏省优秀博士硕士学位论文,0
207,省赛双冠！我校啦啦操队勇夺江苏省锦标赛冠军,0
208,南京农业大学2024年新年贺词,0
209,我校召开本科教育教学审核评估专题报告会,0
210,共青团中央2023年“笃行计划”总结交流活动在我校举行,0
211,国内首届兽医专业学位研究生创新创业大赛在南农举行,0
212,我校2023年国家社科基金重大项目立项创新高,0
213,我校“江苏省农业科学院研究生工作站”授牌省级优秀示范基地,0
214,学校召开第十三届学位评定委员会第六次会议,0
215,南京农业大学第九届学术委员会成立,0
216,陈发棣在九三学社第十五届中央委员会第二次全体会议科学报告会上...,0
217,王春春赴江北新校区、浦口校区调研,0
218,学校召开高质量平安校园建设动员暨安全稳定工作会议,0
219,我校毕业生秦春燕当选江苏省大学生就业创业年度人物,0
220,我校荣获第八届教育部直属高校精准帮扶典型项目,0
221,学校召开第十二届党委第六轮巡察情况汇报暨第五轮巡察整改工作推...,0
222,王春春 陈发棣出席农业农村部共建高校专题交流会,0
223,2023农业科技产业创新榜单，南农3项成果入选！,0
224,南京农业大学与江苏省联社签署战略合作协议,0
225,首创！我校研发的全国首个古籍大语言模型正式发布,0
226,祝贺！我校张绍铃教授当选中国工程院院士,0
227,南京农业大学定点帮扶麻江县十周年总结发展大会召开,0
228,全国大豆产教融合联盟在南农成立,0
229,我校举行张绍铃教授当选中国工程院院士座谈会,0
230,陈发棣、万建民当选中国农学会第十二届理事会副会长,0
231,2023全球最佳减贫案例！南农入选,0
232,大学与大地丨王春春：传承新时代“枫桥经验” 培养高技能复合型...,0
233,南农植物与动物科学学科领域进入ESI全球前1‱,0
234,大学与大地丨陈发棣：农业科技创新来源于田野之间,0
235,大学与大地丨让青春闪光在希望的田野上,0
236,学校党委完成第六轮巡察进驻,0
237,国际马铃薯中心主任来访南农,0
238,我校举办“金秋敬老”离退休教职工集体祝寿会,0
239,党委理论学习中心组专题学习习近平总书记重要贺信精神 贺信引发...,0
240,跨越山海 为你而来！南京农业大学举行2023年校友返校日系列活动,0
241,江苏省高校毕业生秋季校园招聘月在南农举办,0
242,学校召开第六轮巡察工作动员部署会,0
243,耄耋校友设“秦安基金”捐赠母校,0
244,盛彤笙草业科学奖学金颁奖典礼暨任继周院士学术思想研讨会在南农...,0
245,南农麻浩教授当选俄罗斯自然科学院外籍院士,0
246,《中国教育报》头版报道“一带一路”上的“南农方案”,0
247,南农郭巧生教授当选俄罗斯工程院外籍院士,0
248,校党委书记王春春赴海南三亚考察调研,0
249,南农与全椒县人民政府签订合作共建南京农业大学滁州科教创新园协...,0
250,沈其荣院士与天一中学学子面对面  激励学生勇闯“农业”赛道,0
251,农业农村部第四期农业外派人员能力提升培训班在我校开班,0
252,“国际粳稻联合研究中心”在宁揭牌,0
253,校长陈发棣率团访问肯尼亚和埃及,0
254,我校举行2023级本科生军训总结表彰大会,0
255,【关注】凝心聚力共奋进  实干笃行谱新篇,0
256,全国人大代表江苏省直一组到南农调研,0
257,朱晶教授受邀参加WTO公共论坛作中国农业绿色发展专题报告,0
258,塔里木大学党委书记赵光辉一行来校调研,0
259,党委理论学习中心组学习会议专题学习习近平总书记重要回信精神,0
260,我校召开教师干部大会宣布校领导任免决定,0
261,校党委书记王春春应邀出席第二届江苏产学研合作对接大会,0
262,南京农业大学举行2023级新生开学典礼暨开学第一课,0
263,暖心！南农大为教师代表送上节日祝福,0
264,我校召开学习贯彻习近平新时代中国特色社会主义思想主题教育总结...,0
265,农业资源与环境教师团队入选“全国高校黄大年式教师团队”,0
266,再登央视！大学生艺术团亮相总台“丰收中国”融合传播行动启动仪...,0
267,“秾”味十足、满“新”欢喜！南农迎来2023级新生,0
268,江苏省乡村振兴研究会会长王荣平一行来校调研,0
269,中共南京农业大学第十二届委员会第十四次全体（扩大）会议召开,0
270,我校刘宇婧副教授教学团队荣获第三届全国高校教师教学创新大赛一...,0
271,主题教育进行时 | 我校召开校党委理论学习中心组集体学习会,0
272,南农召开坐住坐稳“冷板凳” 潜心搞科研暨Cell论文发表交流座谈...,0
273,南农两项目获国家级教学成果奖,0
274,南京农业大学大豆园艺作物种质创新中心项目开工建设,0
275,Cell | 万建民团队阐明籼稻粳稻杂种不育分子机理破解水稻生殖隔...,0
276,独占“螯”头！南农首个水产新品种通过国家审定,0
277,校党委书记王春春赴江北新区管委会交流工作,0
278,亚洲农业科创联盟首届成员大会暨2023年亚洲农业研究中心学术研讨...,0
279,南农与崖州湾实验室签订战略合作协议,0
280,续写亚洲农业新辉煌： 南农倡议亚洲农业科教创新联盟正式成立,0
281,主题教育进行时丨南农召开校领导班子主题教育调查研究成果交流会,0
282,南农以第一单位获江苏省科学技术奖励3项,0
283,新型低可吸收蛋白水稻品种W088品种权成功实施转化,0
284,主题教育进行时 | 南农召开校领导班子主题教育整改整治工作推进...,0
285,主题教育进行时丨校长陈发棣主持召开学校院长座谈会,0
286,南农召开党务工作例会,0
287,南农召开庆祝中国共产党成立102周年 暨“七一”表彰大会,0
288,南农完成第五轮巡察情况反馈,0
289,主题教育进行时丨校党委书记王春春主持召开基层党组织建设工作调...,0
290,南农3项成果获得高等学校科学研究优秀成果奖,0
291,南农大牵头发布《江苏农村发展报告（2023）》助力江苏加快建设农...,0
292,第十三届江苏省“大学生年度人物和高校辅导员年度人物”暨2023年...,0
293,南农6项技术、1项品种入选农业农村部2023年农业主导品种主推技术,0
294,南农隆重举行2023年研究生毕业典礼暨学位授予仪式,0
295,学校党委巡察工作领导小组听取第五轮巡察情况汇报,0
296,南农隆重举行2023届本科生毕业典礼暨学位授予仪式,0
297,南农举办定点帮扶蓝莓展销会,0
298,主题教育进行时丨教育部第七巡回指导组列席指导我校有组织科研工...,0
299,南京城建集团党委书记、董事长凌向前一行来校调研,0
300,南农举行刘大钧先生院士证书及相关物品捐赠仪式,0
301,面向未来储备一流人才！ 南京农业大学颁发“未来奖学奖教金”,0
302,中国-肯尼亚作物分子生物学“一带一路”联合实验室会议在南农召...,0
303,南京农业大学与中国热带农业科学院签署合作协议,0
304,南京农业大学召开民族宗教工作会议,0
305,主题教育进行时丨校党委理论学习中心组召开专题学习会,0
306,主题教育进行时丨校长陈发棣主持召开青年人才座谈会,0
307,习近平生态文明思想研讨会暨 《可持续发展经济学》新书发布会在...,0
308,主题教育进行时丨校党委书记王春春讲授主题教育专题党课,0
309,智慧麦作技术现场观摩交流会顺利举行,0
310,主题教育进行时丨南农干部师生对习近平总书记在中共中央政治局第...,0
311,全国人大常委会副委员长、九三学社中央主席武维华到南农基地调研,0
312,王源超、张绍铃荣获第三届全国创新争先奖,0
313,南京农业大学召开2023年校友代表大会,0
314,南京农业大学第六届钟山国际青年学者论坛开幕,0
315,第十三届江苏省“大学生年度人物和高校辅导员年度人物”暨2023年...,0
316,主题教育进行时 | 教育部第七巡回指导组指导高校主题教育工作交...,0
317,主题教育进行时丨南京农业大学主题教育读书班开展实践研学,0
318,主题教育进行时丨教育部第七巡回指导组列席指导我校主题教育读书...,0
319,主题教育进行时丨南农举行学习贯彻习近平新时代中国特色社会主义...,0
320,中共中央政治局委员、国务院副总理刘国中到南农调研,0
321,江苏省政府副省长徐缨到南农走访调研,0
322,“理”响南农！特色主题宣讲掀起师生理论学习新高潮,0
323,南京农业大学召开第六届教职工代表大会第四次会议,0
324,南农召开2023年定点帮扶工作推进会暨定点帮扶工作校地联席会,0
325,江苏省副省长方伟来南农调研指导,0
326,南农师生热议习近平总书记给中国农业大学科技小院的同学们的回信,0
327,南京农业大学第十二届党委完成第五轮巡察进驻,0
328,学校召开学习贯彻习近平新时代中国特色社会主义思想主题教育领导...,0
329,南农举办2023年江苏省专利（成果）拍卖季现代农业专场对接会暨世...,0
330,我校召开2023年全面从严治党工作会议暨第五轮巡察工作动员部署大...,0
331,南京农业大学学习贯彻习近平新时代中国特色社会主义思想主题教育...,0
332,南京农业大学召开学习贯彻习近平新时代中国特色社会主义思想主题...,0
333,南农新增金融科技、草坪科学与工程、信息资源管理3个本科新专业,0
334,中华物产与文明探源协同创新中心在南京农业大学成立,0
335,“最炫”开启！全国涉农高校强农行动在江苏兴化集结,0
336,60年写就大地上的论文！“时代楷模”赵亚夫先进事迹报告会在南农...,0
337,校长陈发棣前往中国热带农业科学院调研交流,0
338,校长陈发棣赴海南三亚考察调研,0
339,校馆携手联合育人：把共建做实 把思政做深,0
340,我校举办2023年招生就业工作大会,0
341,校长陈发棣到江北新校区调研指导工作,0
342,第二届江苏省高校实验室安全技能大赛在南京农业大学举行,0
343,安徽省政协副主席、安徽农业大学常务副校长马传喜一行来我校调研,0
344,贵州省委省政府就我校定点帮扶工作发来感谢信,0
345,校长陈发棣一行看望慰问春节期间在岗人员及留校学生,0
346,南农学子分别荣获全国“大学生年度人物”提名、“江苏省大学生年...,0
347,九三学社召开学习九三学社第十二次全国代表大会精神暨 2022年度...,0
348,南农6位教授当选政协江苏省第十三届委员会委员,0
349,第三期农业外派人员能力提升培训班结业,0
350,南农举行2023年全国硕士研究生招生考试,0
351,陈发棣校长当选九三学社中央委员会委员,0
352,Nature丨南农大植物病毒学团队揭示植物免疫受体监控病毒靶向激素...,0
353,全国人大代表朱晶受到上级部门致信感谢,0
354,第二届长江经济带高质量发展论坛在宁召开,0
355,南农入选“全球减贫案例征集活动获奖案例”,0
356,南京农业大学建校120周年创新发展大会隆重举行,0
357,南京农业大学“大学·大地”建校120周年庆祝晚会恢弘献演,0
358,《人民日报》刊发中国资源环境与发展研究院曲福田教授署名文章,0
359,分享喜悦！千名师生共享校庆生日蛋糕,0
360,赵方杰教授荣膺发展中国家科学院（TWAS）农业科学奖,0
361,南京农业大学与黔东南州麻江县召开定点帮扶工作联席会,0
362,中国高等农林教育校（院）长联席会第二十次会议暨中外农业教育论...,0
363,“农业绿色发展、粮食安全及人类健康”中外农业科学家论坛在南农...,0
364,南京农业大学“一流大学建设与农业强国”院士座谈会成功举办,0
365,南京农业大学建校120周年办学成就展开展,0
366,南京农业大学校史2022版首发,0
367,南京农业大学建校120周年师生书画展开展,0
368,北京校友向南农捐赠神农塑像,0
369,金埔园林产业研究院成立暨金埔园林捐赠仪式在南农举行,0
370,瑞华慈善基金会向南农捐赠1310万元,0
371,吴巨友获第十七届“中国青年科技奖”,0
372,沈其荣院士被授予中国土壤学会会士,0
373,东南大学党委书记左惟来校调研交流,0
374,南农大科研骨干代表专题学习党的二十大报告,0
375,南农大人文社科专家学者热议党的二十大报告,0
376,南农统一战线成员热议党的二十大报告精神,0
377,南农干部师生对党的二十大胜利闭幕反响热烈,0
378,校纪委全会专题学习党的二十大报告精神,0
379,南农师生热议党的二十大（一）,0
380,南农师生热议党的二十大（二）,0
381,立德树人承百廿！南农隆重举行师德师风建设与表彰大会,0
382,南农10项成果获全国农牧渔业丰收奖,0
383,第三期农业外派人员能力提升培训班在南京农业大学开班,0
384,《自然》：南农大作物免疫团队与合作者揭示植物受体抗病的“双重...,0
385,江北新区管委会主任吴勇强到新校区调研,0
386,南京农业大学完成2022级迎新工作,0
387,中共中央政治局委员、国务院副总理胡春华到南农调研,0
388,学校召开党委常委会宣布教育部党组任免决定,0
389,2022年江苏大学生志愿服务“西部计划”“乡村振兴计划”出征仪式...,0
390,南京农业大学与北大荒集团开展全面战略合作,0
391,校长陈发棣一行出席潘君拯教育发展基金捐赠签约仪式并与四川校友...,0
392,校长陈发棣带队赴新疆克州、新疆农业大学考察调研,0
393,经管院徐志刚教授等撰写的决策咨询报告被国务院发展研究中心内参...,0
394,南农朱晶教授荣获霍英东教育教学奖,0
395,全国兽医专业学位研究生教育指导委员会五届一次全会在南京召开,0
396,圆满！第八届中国国际“互联网+”大学生创新创业大赛江苏省选拔...,0
397,南农在教育部新闻发布会上介绍农业科技创新经验成效,0
398,吴俊、陈素梅教授分获多项巾帼表彰,0
399,南农研究成果获许昆林省长等省领导肯定性批示,0
400,微生物种质资源省级科技公共服务平台落户南农,0
401,南京农业大学与中国建设银行南京分行签署战略合作协议,0
402,学校召开庆祝建党101周年暨党建示范创建和质量创优工作经验交流...,0
403,学校召开120周年校庆工作推进会,0
404,全国人大常委会副委员长、九三学社中央主席武维华来南农调研指导,0
405,第九届GCHERA世界农业奖在南京农业大学揭晓,0
406,南京农业大学章之汶图书馆顺利封顶,0
407,南农隆重举行2022年毕业典礼暨学位授予仪式,0
408,南农获评“江苏省文明校园”,0
409,南农新增12个国家级一流本科专业建设点和10个省级一流本科专业建...,0
410,第八届江苏大学生“青年红色筑梦之旅”举办主题论坛及相关特色活...,0
411,南农与金埔园林股份有限公司签订全面合作协议,0
412,南农在教育部直属高校定点帮扶工作会上作典型交流发言,0
413,南京农业大学与华为公司举行全面战略合作座谈会,0
414,校园里来了9卡车西甜瓜！南农大先行县共建效果初现,0
415,南京农业大学第五届钟山国际青年学者论坛开幕,0
416,南农召开乡村振兴工作领导小组会暨2022年定点帮扶工作推进会,0
417,江苏省政协副主席洪慧民到南农指导民建基层组织建设,0
418,我校与江北新区就深化校地合作展开交流,0
419,南京农业大学举行2022年校友代表大会,0
420,学校完成第十二届党委第四轮巡察情况反馈,0
421,南农再次获评2021年中央单位定点帮扶成效考核“好”等级,0
422,江苏省人大在南农建立地方立法研究基地,0
423,江苏省政协主席张义珍到南农调研种业振兴,0
424,访企拓岗促就业：校长陈发棣一行走访江苏百绿园林集团有限公司,0
425,南京农业大学师生热议习近平总书记在中国人民大学考察时的重要讲...,0
426,南农发起成立“亚洲农业科教创新联盟”倡议,0
427,南农MBA荣获第十四届尖烽时刻全国商业模拟大赛总决赛一等奖,0
428,我校召开2022年招生就业工作会议,0
429,诺唯赞向南农捐赠新冠病毒抗原检测试剂盒,0
430,南农在第十七届“挑战杯”全国大学生课外学术科技作品竞赛中再获...,0
431,我校9项成果获2021年江苏省教育教学成果奖,0
432,校长陈发棣率队检查学校疫情防控工作,0
433,校长陈发棣调研走访相关学院,0
434,南农召开疫情防控工作会议,0
435,南京农业大学干部师生热议全国两会教育话题,0
436,全国人大代表朱晶：3份议案上会 多视角聚焦乡村振兴与农业高质量...,0
437,提气振奋！南农全体教师大会引发热烈反响①,0
438,凝心聚力！南农全体教师大会引发热烈反响②,0
439,奋勇争先！南农全体教师大会引发热烈反响③,0
440,突破！粟硕教授团队在Cell发表重大研究成果,0
441,南农2学科入选第二轮“双一流”名单,0
442,南农新增6个农业农村部学科群重点实验室,0
443,鼓舞！南农这个团队入选“全国高校黄大年式教师团队”,0
444,省市领导春节期间看望慰问我校沈其荣院士,0
445,学校召开2022年春节留校师生新春座谈会,0
446,学习贯彻省第十四次党代会精神宣讲会在我校举行,0
447,南农召开党史学习教育总结会议,0
448,学校举行2021年度省优秀学位论文指导教师颁奖仪式暨研究生导师培...,0
449,学校举行第四届做出突出贡献博士学位获得者表彰会议,0
450,校长陈发棣调研卫岗校区新落成楼宇,0
451,学校多项重点工程竣工验收,0
452,武装头脑 凝聚精神 鼓舞干劲： 党的十九届六中全会宣讲掀起南农...,0
453,全国先进！民盟南京农业大学委员会荣获全国“各民主党派工商联无...,0
454,学校召开第一批党建“双创”工作建设成果汇报会,0
455,南京农业大学三亚研究院入驻三亚崖州湾科技城,0
456,南京农业大学与农业农村部南京农业机械化研究所签署全面战略合作...,0
457,南京农业大学3位老师当选区级人大代表,0
458,南京农业大学直属选区举行玄武区人大代表换届选举投票,0
459,《中国教育报》头版刊发南农大人才分类评价改革探索,0
460,省党代会南农声音：扛起“走在前列”责任 践行“立德树人”使命,0
461,我校举行沈其荣教授当选中国工程院院士座谈会,0
462,南农新校区首栋建筑，封顶！,0
463,南农师生热议党的十九届六中全会精神,0
464,中国共产党第十九届中央委员会第六次全体会议公报,0
465,中共中央关于党的百年奋斗重大成就和历史经验的决议,0
466,祝贺！南京农业大学沈其荣教授当选中国工程院院士,0
467,江苏省副省长马欣来南农调研指导,0
468,启动！南京农业大学120周年校庆倒计时一周年,0
469,海南省委常委、三亚市委书记周红波来我校调研,0
470,韩长赋为南农师生作专题报告,0
471,我校在全国首届教材建设奖中取得优异成绩,0
472,南京农业大学2021级新生开学典礼隆重举行,0
473,@2021级新生，见面真好！,0
474,第二期农业外派人员能力提升培训班在南京农业大学开班,0
475,学校召开党委全委会审议通过《南京农业大学“十四五”发展规划》,0
476,@南农人，欢迎回家！,0
477,习近平：在庆祝中国共产党成立100周年大会上的讲话,0
478,校长陈发棣走访调研部分学院和单位,0
479,线上聚 话成长！南农大300个班级“云班会”开启新学期,0
480,校长陈发棣调研指导研究生教育和科研管理工作,0
481,校长陈发棣调研指导新学期本科在线教学工作,0
482,中国共产党的历史使命与行动价值,0
483,我校与黑龙江省委省政府签订战略合作协议,0
484,7小时采集8620样本！ 抗击疫情，南农能行！,0
485,校领导调研本科招生录取工作,0
486,中共中央 国务院印发《关于新时代加强和改进思想政治工作的意见...,0
487,陈发棣校长在九三学社中央庆祝中国共产党成立100周年座谈会交流...,0
488,初心滚烫！南京农业大学隆重举行庆祝中国共产党成立100周年暨“...,0
489,【教育部官网】南京农业大学突出“谋”“学”“新”“实” 推进...,0
490,南京农业大学隆重举行2021年毕业典礼,0
491,旗帜就是方向！南农大原创话剧跨时空演绎党旗与大地的交响,0
492,南京农业大学举行庆祝中国共产党成立100周年合唱比赛,0
493,习近平总书记在两院院士大会中国科协第十次全国代表大会上的重要...,0
494,南京农业大学第四届钟山国际青年学者论坛顺利举办,0
495,曲福田教授应邀在金善宝大讲堂开讲,0
496,南京农业大学三亚研究院成立！校领导赴三亚推进校地合作,0
497,麻江乡村振兴研究院成立！校领导赴麻江推进定点帮扶工作,0
498,我校举办知识产权创新大会,0
499,南农师生热议习近平总书记考察清华大学讲话精神,0
500,我校召开2021年招生就业工作会议,0
501,中国共产党创建历史图片展正式开展,0
502,曹卫星教授应邀在金善宝大讲堂开讲,0
503,教育部党史学习教育高校第七巡回指导组来我校指导工作,0
504,学校召开党史学习教育宣讲报告会,0
505,学校举办高层次引进人才座谈会,0
506,学校召开全面从严治党工作会议,0
507,学校召开审计整改工作部署会,0
508,学校召开党史学习教育动员大会,0
509,谈期盼、议热点、话未来：南农师生热切关注2021年全国“两会”,0
510,全部阴性！18567份春季返校学生核酸检测工作完成,0
511,校长陈发棣一行赴新校区和浦口校区调研,0
512,见证、参与、接续！全国脱贫攻坚总结表彰大会引发师生热烈反响,0
513,我校师生热议习近平总书记在党史学习教育动员大会上的重要讲话,0
514,暖！“今年我在南农过年，挺好”,0
515,2020年度江苏农村发展报告在南农发布,0
516,我校2项成果获江苏省科学技术奖,0
517,校领导赴卫岗校区新建楼宇工地现场调研,0
518,我校召开思想政治工作会议,0
519,“时代楷模”鲜活立起来！朱有勇院士先进事迹报告会引发热烈反响,0
520,“时代楷模”朱有勇院士先进事迹报告会在南农举行,0
521,首桩启动！南京农业大学江北新校区一期工程全面开建,0
522,教育部副部长钟登华来南农调研指导,0
523,学校召开第五届研究生教育工作会议,0
524,2020GCHERA世界农业奖在南农揭晓 中国科学家首次获奖,0
525,2020农村双创与科技专题论坛在南京农业大学举行,0
526,南农专家学者深入学习习近平总书记在全面推动长江经济带发展座谈...,0
527,教育部副部长田学军来南农调研指导,0
528,新校区首批建设用地获得不动产权证,0
529,弘扬书院文化 培养拔尖人才: 我校召开金善宝书院2020级新生大会,0
530,中国共产党第十九届中央委员会第五次全体会议公报,0
531,邹秉文先生铜像在学校落成揭幕,0
532,中共中央 国务院印发《深化新时代教育评价改革总体方案》,0
533,前沿丨一箭双雕: 洪晓月教授团队在应用共生菌防控稻飞虱机理上取...,0
534,农业农村部部长韩长赋到我校白马教学科研基地调研,0
535,丰收节这样过！南农大秾味思政课坐而论“稻”,0
536,我校举办第四期师德大讲堂,0
537,南农出席中国—中东欧国家特色农产品云上博览会,0
538,我校8000余名本、研新生顺利报到,0
539,农学院“粮食作物生产力监测预测机理与方法”获国家自然科学基金...,0
540,我校举行“双一流”建设周期总结专家评议会,0
541,我校沈其荣教授、周明国教授荣获光华工程科技奖,0
542,习近平主持召开科学家座谈会并发表重要讲话,0
543,万建民教授参加习近平总书记主持召开的科学家座谈会,0
544,南京农业大学隆重举行第36个教师节庆祝大会,0
545,习近平向全国广大教师和教育工作者致以节日祝贺和诚挚慰问,0
546,我校在第十一届“挑战杯”江苏省大学生创业计划竞赛中再获佳绩,0
547,江苏省新发展阶段加快推进农业农村现代化专题研讨会在南农召开,0
548,高等农业教育改革座谈会在南京农业大学召开,0
549,南农大特色长效帮扶：党建引领多维兴村 产业聚力兴农强县,0
550,我校召开“四史”学习教育启动仪式暨校院两级党委中心组集体学习...,0
551,农业农村部科技教育司副司长张晔调研南农,0
552,我校与栖霞区人民政府签订现代园艺产业产学研合作协议,0
553,我校与南京国家农高区签订共建高水平科教孵化基地合作协议,0
554,南京农业大学三亚研究院落户海南,0
555,我校完成2020年高考志愿填报期间招生宣传工作,0
556,我校举行虚拟校园卡及微门户开通仪式,0
557,我校2项技术入选农业农村部2020年十大引领性技术,0
558,江苏省委常委、省委宣传部部长王燕文来南农调研  为中国资源环境...,0
559,我校师生热议习近平总书记给复旦大学《共产党宣言》展示馆党员志...,0
560,省委常委、统战部部长杨岳来我校调研统战工作,0
561,我校“北斗导航支持下的小麦无人收获技术”现场观摩会在江苏临海...,0
562,陈发棣教授荣获第二届全国创新争先奖,0
563,南农举办第三届“钟山国际青年学者论坛”,0
564,全国人大代表朱晶：发挥人才在脱贫攻坚和科技创新中的重要作用,0
565,学校召开新农科、新工科建设推进会,0
566,我校顺利完成2020年硕士研究生复试录取工作,0
567,一图读懂2020年《政府工作报告》,0
568,校领导调研指导新校区建设工作,0
569,我校召开2020年招生就业工作会议,0
570,我校获评2019年中央单位定点扶贫成效考核“好”等级,0
571,南农再获2项国家社科基金重大项目立项,0
572,南农获泰晤士世界大学影响力单项排名全球第一,0
573,马秋林副省长调研我校白马教学科研基地,0
574,【防控动态】教育部官网：南京农业大学织就“三张网” 全力抓好...,0
575,我校农业与林业学科居最新QS世界大学学科排名26位,0
576,习近平：一定会胜利！,0
577,【防控动态】再接再厉战疫情   齐心协力促发展,0
578,江苏省副省长赵世勇调研我校白马教学科研基地,0
579,【防控动态】南农党员干部为支持新冠肺炎疫情防控工作捐款,0
580,【防控动态】校长陈发棣调研毕业生就业工作,0
581,江苏省委副书记任振鹤调研我校白马教学科研基地,0
582,【防控动态】校长陈发棣专题研究部署新学期学生教育教学管理工作,0
583,【防控动态】校长陈发棣一行赴工学院检查疫情防控工作,0
584,【防控动态】众志成城 坚决打赢疫情防控阻击战！,0
585,2019学校十大工作进展,0
586,我校2019国家科学技术奖获奖团队载誉归来,0
587,周光宏教授团队成果获国家科技进步二等奖,0
588,南京农业大学召开“不忘初心、牢记使命” 主题教育总结大会,0
589,学校召开学术委员会八届五次全会,0
590,曲福田教授作学习贯彻十九届四中全会辅导报告,0
591,我校14个专业获批国家级一流本科专业建设点,0
592,十年磨一剑，我校陶小荣团队建立首个植物多分体负义链RNA病毒反...,0
593,我校主办中国农学会教育专业委员会2019年学术年会,0
594,【前沿】万建民院士团队在水稻抗虫机制解析方面取得新进展,0
595,我校食品科学与工程专业通过IFT食品专业国际认证,0
596,我校5项成果获2019高校科研优秀成果奖,0
597,中共南京农业大学新一届纪委举行第一次全体会议,0
598,中共南京农业大学第十二次代表大会胜利闭幕,0
599,第十二次党代会代表分团审议两委工作报告,0
600,校领导出席华东地区农林水高校第二十七次校（院）长协作会,0
601,喜迎党代会｜十一次党代会以来学校工作回顾,0
602,我校国家社科基金重大项目再获突破,0
603,【前沿】噬菌体：土壤“狙击手”激发根际防御军团,0
604,2019新时代高校生命科学教学改革与创新研讨会召开,0
605,我校荣获“2019年度全国创新创业典型经验高校”授牌,0
606,南京农业大学4人入选2019年度全球“高被引科学家”名单,0
607,上海海洋大学校长程裕东一行来南农调研交流,0
608,农业农村部副部长余欣荣来南农调研指导,0
609,我校举办师德大讲堂第三期活动,0
610,江苏省人大常委会副主任曲福田带队调研我校白马湖菊花基地,0
611,“小农如何融入大市场？——基于中国和东南亚的经验”国际研讨会在...,0
612,校长陈发棣在中国高等农林教育校（院）长联席会第十九次会议暨大...,0
613,NAU-CHINA iGEM团队再获金奖,0
614,中国农业科学院党组成员、副院长梅旭荣来校调研交流,0
615,一图速览十九届四中全会公报要点,0
616,荷兰北布拉邦省副省长代表团来访我校,0
617,第十届GCHERA世界大会热议“全球高等教育转型”,0
618,陈发棣校长被推选为GCHERA副主席,0
619,2019GCHERA世界农业奖颁奖典礼在南农举行,0
620,江苏省委副书记任振鹤来南农大调研,0
621,第六届国际植物表型大会在南京举行,0
622,农大菊花在全国多地盛放迎宾,0
623,2019亚太肉类科技大会在南京召开,0
624,邹秉文农科教结合办学思想100周年研讨会召开,0
625,学校召开两委会宣布教育部党组任免决定,0
626,校银强强联手共建我校智慧校园,0
627,南京农业大学举行2019级本科生新生开学典礼,0
628,人民日报评论：以理论滋养初心引领使命,0
629,南京农业大学组织师生集中学习习近平总书记给全国涉农高校回信精...,0
630,我校两位教授受邀参加国家杰出青年科学基金25周年座谈会,0
631,外语学院王银泉教授应邀赴丹麦参与国际和平活动,0
632,陈发棣校长检查学校新学期准备工作,0
633,南京农业大学获批国家自然科学基金项目204项,0
634,我校获评2019全国创新创业典型经验高校50强,0
635,全元生物有机肥高价值专利培育项目被江苏省立项,0
636,国际水稻所所长率团访问我校,0
637,我校人事制度改革全面启动,0
638,将马克思主义传播到美丽乡村、根植于青年心上,0
639,我校智慧麦作技术入选2019年十大引领性农业技术,0
640,校长陈发棣赴华中农业大学调研,0
641,我校召开2019年招生就业工作会,0
642,中国教育技术协会高等农业院校分会第八届会议在我校召开,0
643,我校4项成果获2018年度江苏省科学技术奖,0
644,我校部署推进“南农麻江10+10行动计划”,0
645,【前沿】张红生团队揭示水稻粒长调控新机制,0
646,【综述】揭开“植物病毒与寄主之间博弈”的神秘面纱,0
647,“猎英行动计划”招纳农业人才：农业农村部对外合作办走出去企业...,0
648,我校与捷克赫拉德茨-克拉洛韦大学签署校际合作备忘录,0
649,我校新增人工智能本科专业,0
650,【前沿】少分蘖 多产出 万建民院士团队在水稻株型研究中取得重要...,0
651,我校2项目入选教育部国家虚拟仿真实验教学项目,0
652,陈发棣校长看望部分北京校友,0
653,我校三位教授入选2018年度享受国务院政府特殊津贴名单,0
654,我校“化学”学科领域进入ESI世界排名前1%,0
655,【前沿】能高抗还能高产：农学院杨东雷团队成果在Nature Plants...,0
656,【前沿】唾液当成“麻醉剂”？洪晓月团队揭示昆虫唾液DNase II抑...,0
657,陈发棣校长调研走访部分学院,0
658,埃格顿大学校长一行访问我校,0
659,陈发棣校长调研本科生培养工作,0
660,【前沿】动物医学院刘斐团队科研成果简化核酸检测方法,0
661,我校召开“双带头人”教师党支部书记工作室建设推进会,0
662,【社会热点】一张图，政府工作报告全了解！,0
663,我校在QS世界大学学科排名中位次大幅提升,0
664,【理论学习】习近平总书记全国教育大会重要讲话精神,0
665,【前沿】张绍铃教授团队最新成果揭示植物多样性奥秘,0
666,我校农学、植保2个专业通过国家专业认证,0
667,【前沿】病原菌“里应外合”：张正光课题组揭示稻瘟病致病的重要...,0
668,【前沿】蔬菜也有“瘟疫”，南农作物疫病团队揭示辣椒疫霉菌致病...,0
669,【前沿】南农大朱艳教授课题组定量评估增温1.5℃和2.0℃对全球小...,0
670,我校2项成果获2018高等学校科学研究优秀成果奖一等奖,0
671,《江苏农村发展报告2018》发布,0
672,唐仲英基金会捐赠我校500万元,0
673,【前沿】植物病毒学团队揭示植物抗病基因对病原菌一种双重识别机...,0
674,【重磅】揽三奖！我校3项成果获2018国家科学技术奖,0
675,我校发布毕业生就业质量年度报告（2018）,0
676,我校三项成果获2018年国家级教学成果奖,0
677,【评论】再出发！接棒“南农梦想”,0
678,我校举办纪念改革开放40周年暨复校40周年系列活动,0
679,我校11项成果获江苏省哲学社会科学优秀成果奖,0
680,沈其荣教授荣获第六届中华农业英才奖,0
681,【前沿】我校生科院研究人员揭示水稻自身“抗旱免疫”机制,0
682,我校“现代作物生产协同创新中心”入选首批省部共建名单,0
683,“中加VIDO南京疫苗研究所”合作备忘录在南京江北新区签署,0
684,【评论】千帆竞发，敢立潮头唱劲风,0
685,我校承办第二届全国农林院校研究生学术科技作品竞赛,0
686,南京农业大学智慧农业研究院揭牌,0
687,我校主办中国农学会教育专业委员会2018学术年会,0
688,​我校教师在全国英语教学大赛中获特等奖,0
689,我校承办中国遗传学会第十次全国会员代表大会暨学术讨论会,0
690,我校集中学习全国教育大会精神,0
691,我校作品参评中国高校校报好新闻奖获奖率达100%,0
692,温氏集团董事长温志芬受聘为我校客座教授,0
693,【前沿】生科团队研究成果：让细菌说出自己的选择,0
694,【前沿】南农科学家找到棉铃虫藏在体内的一类“解毒药”,0
695,《中国农业教育》入选中国社科院A刊扩展版,0
696,【前沿】动科团队发现生物钟调控代谢的新机制,0
697,我校8个学科获江苏高校优势学科建设工程三期项目立项,0
698,钟山农业经济论坛在南京农业大学召开,0
699,我校再获国家社科基金重大项目立项,0
700,中学西传与欧洲汉学研究高层论坛在我校召开,0
701,中法植物表型组学联合研究中心成立,0
702,我校学子获“创青春”全国大学生创业大赛三金一银,0
703,我校11项成果获 “江苏省社科应用研究精品工程”奖,0
704,校长周光宏访问密西根州立大学和国际食物政策研究所,0
705,我校举办2018年研究生国际学术会议,0
706,工学院获批教育部首批“三全育人”试点单位,0
707,我校10项成果获江苏省教育科学研究成果奖,0
708,【前沿】棉铃虫HaTSPAN1基因通过点突变对Bt杀虫蛋白产生显性抗性,0
709,我校学子三次蝉联国际基因工程机械设计大赛金奖,0
710,2018GCHERA世界农业奖颁奖典礼在南农举行,0
711,“一带一路”农业科教合作论坛在南农举行,0
712,我校主办2018年“消化道分子微生态”国际研讨会,0
713,GCHERA世界农业奖评审委员会成员库拟再扩容,0
714,周光宏当选国际食品科学院院士,0
715,第四届“雄鹰杯”小动物医师技能大赛在我校举行,0
716,【前沿】病原菌能“精确制导”、“避实就虚”地完成侵染？,0
717,我校通过教育部来华留学质量认证,0
718,“南农科技”多学科协同创新推动粮食丰产,0
719,学校举办首届校友返校日系列活动,0
720,省农业类暨南农2019届毕业生专场招聘会在我校举行,0
721,我校研究生教育成果获多项全国表彰,0
722,我校再获部属高校精准扶贫精准脱贫十大典型项目,0
723,【前沿】微生物菌群的“教练”：基于多菌株代谢模型设计微生物“...,0
724,【前沿】既是“设计师”又是“营养师”：南农科学家首次揭示可变...,0
725,广西大学党委书记刘正东、校长赵跃宇一行来我校交流访问,0
726,搜寻“顶级捕手” 江苏有害生物检疫技能竞赛在我校落幕,0
727,我校为137名国际新生举办开学典礼,0
728,【前沿】从鼻腔入侵，在肠道发病：动医院研究团队发现猪流行性腹...,0
729,海峡两岸植物生理学与分子生物学研讨会在我校召开,0
730,盖钧镒院士为农学院新生讲授“入学第一课”,0
731,我校承办国际标准化组织肉禽鱼蛋及其制品委员会第23届年会,0
732,我校师生深入学习贯彻习近平总书记在全国教育大会上的重要讲话精...,0
733,【前沿】作物疫病研究团队发现植物免疫的一个“秘密武器”,0
734,吴俊、平继辉入选2018江苏特聘教授,0
735,【前沿】细菌内部通过分工合作“执行特定生物学功能”,0
736,南京农业大学新校区奠基仪式隆重举行,0
737,学校举行2018级新生开学典礼,0
738,来了！新同学,0
739,冯淑怡教授获“江苏省有突出贡献中青年专家”称号,0
740,南京农业大学实验小学举行揭牌仪式,0
741,水稻栽培也有科学“营养餐”,0
742,江苏省委常委、统战部部长杨岳来我校调研,0
743,我校参加首届中非热带农业科技合作论坛,0
744,“时代楷模”曲建武教授应邀来我校做专题报告,0
745,我校学子获江苏“互联网+”大学生创新创业大赛一等奖,0
746,南农与淮安市盱眙县签约共建现代农业试验示范基地,0
747,我校举办第十二届中国农村金融发展论坛,0
748,南农跻身世界大学学术排名前400名,0
749,万群课题组揭示糖苷水解酶的活性受到不同酸碱度调节的机理,0
750,《中国工程院院士传记》丛书《刘大钧传》编撰工作启动,0
751,校长周光宏调研暑期基建维修工作并慰问一线人员,0
752,奥地利工业生物技术中心首席科学家Irina Druzhinina教授全职加盟...,0
753,孝陵卫中心小学正式更名为南京农业大学实验小学,0
754,我校教育教学指导委员会召开七届十二次会议,0
755,南京农业大学台湾校友会成立,0
756,信息管理与信息系统本科专业获CILIP国际认证,0
757,【前沿】作物抗性基因漂移的风险比想象的快 科学家揭示的风险形...,0
758,南京农业大学与玄武区签署合作框架协议,0
759,我校与中和农信举行战略合作启动仪式,0
760,汪浩获贵州“脱贫攻坚优秀村第一书记”称号,0
761,离休直属党支部召开庆祝建党97周年、纪念改革开放四十周年座谈会...,0
762,我校重大农技推广服务试点工作通过验收,0
763,行业专家聚首南农描绘“食品科学技术学科方向预测及技术路线图”,0
764,我校2018年招生宣传工作正式启动,0
765,我校代表队获沙盘模拟经营大赛江苏金奖,0
766,【前沿】揭秘梨的“前世今生”,0
767,我校第一家省外技术转移中心落户浙江杭州,0
768,我校环境工程专业通过教育部工程教育专业认证,0
769,【视频】南农大作物疫病研究团队：初心不渝 百年传承,0
770,我校1项目入选教育部首批国家虚拟仿真实验教学项目,0
771,【重磅】Science刊文：我校团队揭秘水稻自私基因,0
772,我校师生学习习近平在纪念马克思诞辰200周年大会上的重要讲话精...,0
773,我校代表队获大学生国际创业大赛二等奖,0
774,于水团队政策研究成果获国务院和江苏省政府肯定,0
775,省科协党组书记孙春雷来我校慰问优秀科技工作者代表,0
776,我校获江苏大学生创业大赛“优胜杯”,0
777,我校等17所高校发起成立“双一流”农科联盟,0
778,图书馆、信息学院召开校党委巡察（试点）工作动员会,0
779,第二届全国高校大学生入党教育培训工作研讨会在我校召开,0
780,国家重点项目“粮食作物生长监测诊断与精确栽培技术”现场交流会...,0
781,我校组织新教师开展教学规范与教学基本技能培训,0
782,我校获江苏省大学生计算机设计大赛特等奖,0
783,我校孔子学院工作获国家汉办首肯,0
784,我校在江苏省高校运动会中获多项佳绩,0
785,“一带一路”畜牧业科技创新与教育培训国际研讨会在南京召开,0
786,“英语写作教学与研究国际研讨会”在我校举行,0
787,我校新增1个博士学位授权一级学科点,0
788,【前沿】二氧化碳究竟“是正是邪”邹建文团队给出答案,0
789,著名结构生物学家施一公做客钟山讲堂,0
790,我校召开学习习近平北大考察重要讲话精神教师座谈会,0
791,我校举行2018年五四表彰典礼暨大学生梦想公开课,0
792,高扬马克思主义伟大旗帜 不断从中汲取智慧和力量,0
793,我校公管院获江苏省工人先锋号荣誉称号,0
794,周光宏教授当选国际食品科学院院士,0
795,我校外语院教师获全国外语教学江苏赛区特等奖,0
796,习近平总书记北大重要讲话在我校师生中反响热烈,0
797,【名师谈】万建民：给学生“跳一跳”才够得着的压力和空间,0
798,【前沿】梨自交不亲和性反应信号转导机制被发现,0
799,四位校友首获“做出突出贡献博士学位获得者”称号,0
800,高校珠峰计划、前沿科学中心江苏研讨会在我校召开,0
801,【前沿】病菌也会“诡计多端”,0
802,我校获评江苏省“五方挂钩”帮扶工作先进单位,0
803,【前沿】植物也可以“吃掉”病毒,0
804,我校召开全国“两会”精神宣讲报告会,0
805,我校召开教师思想政治工作会议,0
806,中英植物表型组学联合研究中心成立,0
807,我校3项目入选教育部首批“新工科”项目,0
808,我校图书情报与档案管理一级学科获得博士学位授权,0
809,法国农科院专家加盟我校作物表型组学交叉研究中心,0
810,我校代表团赴欧参加高等教育展团交流活动,0
811,全球顶级专家探讨“后基因组时代的表型组学”,0
812,百余单位在南农开启“猎英行动”,0
813,我校举办农业对外合作人才培养研讨会,0
814,盖钧镒院士入选“中国种业十大杰出人物”,0
815,【前沿】纳米技术促进食品提高自身“免疫”,0
816,农业部景观设计重点实验室建设启动会在我校召开,0
817,《南京农业大学学报》（自科版）召开换届会议,0
818,学校召开2018年安全工作会议,0
819,肯总统和我驻肯大使为埃大孔子学院赴华留学生送行,0
820,周光宏教授当选美国食品工程院院士(IFT Fellow),0
821,学校召开新学期本科教学工作会议,0
822,我校师生热议全国“两会”,0
823,贵州省黔东南州委州政府向我校发来感谢信,0
824,我校首次跻身QS世界大学学科排名50强,0
825,我校与康奈尔合作揭开成花素基因合成部位之谜,0
826,我校联手温氏集团强势发力食品加工领域,0
827,我校举行新学期升国旗仪式,0
828,动医院研究为乳酸菌保护肠黏膜提供理论依据,0
829,朱晶教授当选十三届全国人大代表,0
830,学校召开新学期工作会议,0
831,程遐年教授获“中国昆虫学会终身成就奖”,0
832,校领导走访慰问离退休老同志,0
833,我校召开中组部及部省“援挂扶”项目外派干部座谈会,0
834,江苏省现代作物生产协同创新中心年度总结交流会召开,0
835,南京农业大学连云港新农村发展研究院揭牌,0
836,我校人大代表、政协委员江苏“两会”展风采,0
837,中铁二十局莫桑比克公司总经理郭炜一行访问我校,0
838,我校与江苏石油勘探局签署战略合作协议,0
839,我校发布2016-2017学年本科教学质量报告,0
840,周光宏当选中国畜产品加工研究会新一届会长,0
841,我校技术转移中心获评省级先进,0
842,我校发布《江苏新农村发展报告2017》,0
843,我校举行2018年统战工作迎新春座谈会,0
844,我校召开离退休老同志迎春团拜会,0
845,我校2项成果获江苏农业技术推广奖一等奖,0
846,我校担任江苏省世界语协会会长单位,0
847,我校入选教育部第一批教育信息化试点项目优秀单位,0
848,2018年全国语言文字工作会议在我校召开,0
849,教育部副部长杜占元到我校调研考察,0
850,我校与句容市茅山镇共建丁庄葡萄产业研究所,0
851,农作物系统分析与决策重点实验室举行首届学术委员会会议,0
852,潘根兴团队3篇学术论文入选中国热点论文榜,0
853,周光宏校长一行考察土桥基地,0
854,我校发布毕业生就业质量年度报告（2017）,0
855,盘点2017学校十大工作进展,0
856,我校7个学科在第四轮全国一级学科评估中进入A类,0
857,我校2项成果获“大北农科技奖”,0
858,我校一项科研成果入选2017高校十大科技进展,0
859,我校参与承办2017中华地标品牌发展论坛,0
860,我校学子获江苏省大学生安全知识竞赛一等奖,0
861,我校肯尼亚孔子学院工作得到国务院领导首肯,0
862,我校海外网络传播力居全国高校13名,0
863,埃格顿大学副校长Isaac Kibwage一行访问我校,0
864,侯喜林当选为国家蔬菜科技与产业创新联盟副理事长,0
865,我校社科专家起草的第一项国标正式颁布,0
866,周光宏当选中国农学会十一届理事会副会长,0
867,我校拟与非洲高校联合培养90名非洲农业人才,0
868,我校6项成果获神农中华农业科技奖励,0
869,曹卫星教授当选民盟中央副主席,0
870,南京农业大学肯尼亚校友会成立,0
871,盖钧镒院士获世界大豆研究大会奖终身成就奖,0
872,我校青年志愿服务项目再获全国性表彰,0
873,教育部雷朝滋一行来我校调研科技工作,0
874,中国（江苏）首届肉羊产业发展高峰论坛在南农召开,0
875,我校在全国大学生智能农业装备大赛中获一等奖,0
876,我校获国家社科基金重大项目立项,0
877,我校作品斩获中国高校校报好新闻奖4项一等奖,0
878,百余专家研讨“园艺专业建设与卓越人才培养”,0
879,我校王伟武课题组与中科大合作揭示ATR激酶结构,0
880,南农-密西根州立大学“亚洲农业研究中心”成立,0
881,我校与中国农行江苏分行开启全面合作,0
882,校长周光宏教授赴泰州考察调研,0
883,全国兽医专业学位研究生教指委会议在泰州召开,0
884,陈发棣教授入选“百千万人才工程”,0
885,校友赵丕强捐资设立“旸谷创新奖励基金”,0
886,南农校友邹学校当选中国工程院院士,0
887,第十届长三角作物学博士论坛在我校举行,0
888,省委宣讲团来我校宣讲党的十九大精神,0
889,我校获得全国小动物医师技能大赛团体一等奖,0
890,新农办强化大学农技推广职能建议获俞正声批示,0
891,江苏青年智库系列沙龙“乡村振兴”专场在我校举行,0
892,西藏农牧学院云丹加措一行来我校交流,0
893,集中听课推进教风建设,0
894,京剧名家王珮瑜做客钟山讲堂挥洒京剧魅力,0
895,我校学子再获国际基因工程机械设计大赛金奖,0
896,我校主办中国农学会教育专业委员会年会,0
897,刘旭院士畅谈“一带一路”倡议与农业走出去战略,0
898,我校创业创新项目获得全国优胜奖,0
899,我校承办农业部作物生理生态与耕作学科群工作会,0
900,玄武区委副书记、区长穆耕林一行来我校调研,0
901,我校女排获中国大学生排球联赛（南方赛区）季军,0
902,中国植物生物学女科学家校园行在南农举办,0
903,我校与中国农科院将联合培养博士研究生,0
904,338名新党员党旗下受训,0
905,2018校园招聘开场 230多家单位招兵买马,0
906,我校主办2017中国畜产品加工科技大会,0
907,我校教师获全国农林高校思政课比赛特等奖,0
908,我校30位导师入选全国优秀创新创业导师库,0
909,【评论】人事制度改革：激活学校发展最关键因素,0
910,我校新一轮人事制度改革开始试点,0
911,我校全面启动基层党支部书记集中轮训,0
912,我校七项成果喜获“江苏社科应用精品工程”奖,0
913,我校蝉联全国大学生动科技能大赛特等奖,0
914,第五届GCHERA世界农业奖颁奖典礼在南农举行,0
915,周光宏校长再次当选GCHERA联盟副主席,0
916,世界农业奖计划明年起获奖人数、奖金双“翻番”,0
917,GCHERA世界大会热议“全球食物保障与食品安全”,0
918,2017大北农公益基金奖励我校93名师生,0
919,动医院研究发现日粮调节动物健康作用机制,0
920,南京农业大学首入“全球最佳农业科学大学”前十,0
921,南农精准扶贫项目入选部属高校“十大典型”,0
922,我校反刍动物营养生理课题组在Microbiome发文揭示日粮调节动物健...,0
923,“博爱青春”点燃青春校园,0
924,溧水区委区政府到我校专题调研白马基地建设事宜,0
925,南农菊花在第九届中国花博会喜获金奖,0
926,自噬体闭合的“门控开关”被找到,0
927,国家农业科技园区调研组到我校白马基地考察调研,0
928,南京农业大学武术协会成立三十五周年,0
929,朱娅老师入选全国思政课教师影响力提名人物,0
930,【国庆专稿】南农人的爱国情怀,0
931,我校专项一体化协同实施模式在全国粮食丰产专项现场观摩会示范推...,0
932,我校师生在中国·南京休闲农业创意大赛中获金奖,0
933,话剧《北大荒七君子》传递南农人世纪家国情怀,0
934,【剧评】北大荒七君子：用青春碰撞使命梦想,0
935,唐仲英基金会执行总裁徐小春访问我校,0
936,第四届全国公示语翻译研讨会暨国标推广高端论坛在我校召开,0
937,全国高校教材建设研讨会在我校举行,0
938,我校举行2017级本科生军训成果汇报会,0
939,中国草学会农业伦理学研究会成立大会在我校召开,0
940,郭竞舸同学获省文科大学生自然科学知识竞赛冠军,0
941,我校召开校学位评定委员会十一届十一次全会,0
942,2017全球健康与食品安全研讨会在南农召开,0
943,UN/ECE跨境肉类贸易及电子认证研讨会在南农召开,0
944,我校在全国第十三届学运会上首获“校长杯”,0
945,我校入选“双一流”一流学科建设高校,0
946,世界农业奖获得者Lorne Babiuk受聘我校客座教授,0
947,我校获江苏省教育教学成果特等奖,0
948,英国埃克塞特大学Jason Chapman博士受聘我校客座教授,0
949,人文学院教授受聘江苏省委法律专家库成员,0
950,我校在首届江苏“校园微喜剧视频大赛”中获佳绩,0
951,首届江苏大学生休闲农业线路创意设计赛落幕,0
952,雅言新韵飘香南农校园,0
953,我校援疆干部获多项表彰,0
954,973计划项目“猪利用氮营养素的机制及营养调控”课题接受验收,0
955,动物消化道营养国际联合研究中心在南农启动,0
956,南京农业大学举行2017级新生入学典礼,0
957,李太平教授成果入选国家社科基金《成果要报》,0
958,迎新！七千“新星”点亮南农校园,0
959,省委书记李强看望慰问我校教师,0
960,订单+团购 南农组织江苏优质小麦产业化推进系列活动,0
961,2金2银4铜！我校武术队上演南农版“王者荣耀”,0
962,厉害！全国学生运动会江苏高校首金产生,0
963,开学第一天：本科教学秩序井然,0
964,刘大钧农业教育基金近日成立,0
965,我校举行新学期升国旗仪式,0
966,郭巧生教授获聘为国家药典委员会委员,0
967,学校召开新学期工作会议,0
968,我校建设的国内首个虚拟仿真教学微信公众服务号正式上线,0
969,南农参与审定的国家《中医药法》英译本出版,0
970,我校举办2017年学工干部培训暨学生工作创新论坛,0
971,我校植物病毒学课题组在Plant Cell发文揭示一植物免疫受体蛋白发...,0
972,"南农获得全国""2013-2016年度群众体育先进单位""",0
973,周光宏教授应邀参加第63届国际肉类科技大会并作大会特邀报告,0
974,王源超教授团队获国家基金委创新研究群体项目资助,0
975,我校首次进入ARWU世界前500位,0
976,《人民日报》高度评价我校精准扶贫工作,0
977,一项省级研究生教育教学重大（委托）课题在我校开题论证,0
978,我校当选第五届江苏省高等学校教学管理研究会副理事长单位,0
979,我校与埃格顿大学签约开展世行资助援非项目,0
980,郭旺珍教授团队发现提高多倍体作物抗病性的新机制,0
981,首届功能蛋白质组学前沿技术与农业产业发展论坛在宁召开,0
982,全国梨产业协作组成立暨梨产业发展研讨会召开,0
983,万建民院士课题组在水稻结实率的调控机制研究方面取得新进展,0
984,我校积极参加中国江苏大院大所合作对接会获表扬,0
985,我校圆满完成2017年本科招生录取工作,0
986,我校欢送2017年西部计划志愿者暨研究生支教团,0
987,我校挂钩帮扶灌南县高湖村成效显著,0
988,江苏省委副书记、代省长吴政隆考察我校盱眙稻田种养示范基地,0
989,校领导一行赴苏州拜访著名慈善家唐仲英先生,0
990,我校食品学子在全国第二届Propak Food Quiz Bowl中勇夺桂冠,0
991,我校开展2017年“教授服务团走进麻江”系列活动,0
992,我校召开白马基地总体规划修编工作会议,0
993,地方治理与政策研究中心研究成果获中央领导批示,0
994,我校教授登上联合国“农业可持续发展论坛”,0
995,我校获2017年江苏省研究生培养创新工程研究生教育改革成果一等奖,0
996,南农5000余名师生赴全国各地开展实践活动,0
997,沈其荣教授团队“利用废弃畜禽酸解成氨基酸技术”被农业部采纳,0
998,教育部“动物健康与食品安全”国际合作联合实验室立项考察论证会...,0
999,荷兰瓦赫宁根大学代表团访问我校,0
1000,我校与无锡市签署战略合作协议,0
1001,张绍铃教授荣获南京市“十大科技之星”称号,0
1002,南京农业大学-塔里木大学青年教师开放科研基金交流会在我校召开,0
1003,我校全面开展2017年高考志愿填报期间招生宣传工作,0
1004,离休直属党支部召开庆祝建党96周年座谈会暨老同志祝寿会,0
1005,作物遗传与种质创新国家重点实验室评估获优秀,0
1006,卵子成熟调控蛋白新功能被发现,0
1007,我校九三主委陈发棣当选省九三副主委,0
1008,我校举行2017届研究生毕业典礼暨学位授予仪式,0
1009,我校举行2017届本科生毕业典礼暨学位授予仪式,0
1010,我校教授为主要完成人的国家标准发布并将实施,0
1011,第十三届研究生神农科技文化节闭幕,0
1012,我校与西藏农牧学院签订战略合作协议,0
1013,我校召开校学位评定委员会十一届九次全体委员会议,0
1014,全国农林研究生教育学术咨询委员会成立大会在我校举行,0
1015,周光宏教授当选国际标准化组织肉禽鱼蛋及其制品委员会主席,0
1016,学校召开学术委员会七届七次全体委员会议,0
1017,江苏省大学生涉农创业“群英汇”在我校举行,0
1018,省教育厅专家组来我校督查就业创业工作,0
1019,中美农业植物生物学研究中心成立,0
1020,麻浩教授团队发明获美国和以色列发明专利授权,0
1021,我校教授领衔起草的首个杂草检疫国际标准颁布实施,0
1022,校纪委开展廉政风险防控工作督导检查,0
1023,我校召开“两学一做”学习教育常态化制度化和“双抓双促”大走访...,0
1024,我校应邀在第二届研究生教育国际论坛上作报告,0
1025,我校学子获省大学生科技作品竞赛一等奖,0
1026,日本北陆大学访问我校商讨人才合作培养,0
1027,我校动物繁殖机制研究取得突出进展,0
1028,我校棉花遗传学和基因组研究取得新突破,0
1029,我校学子获全国沙盘模拟经营大赛江苏总决赛金奖,0
1030,教育部中央高校基本科研业务费实施绩效评估体系研究座谈会在我校...,0
1031,我校3项中央财政农技推广项目创新示范技术在全省推广,0
1032,朱晶教授获2017年“江苏省巾帼建功标兵”称号,0
1033,沈其荣、陈发棣、张绍铃教授分获国家、省首届“创新争先奖”,0
1034,我校团队在细胞骨架调控病菌致病力研究获重要进展,0
1035,我校首期援外渔业专业硕士顺利毕业,0
1036,我校参加2017年非洲孔子学院联席会议,0
1037,我校举行2017年校友会理事会暨校友工作交流研讨会,0
1038,校领导出访东南亚高校  推动“一带一路”教育合作网建设,0
1039,我校与宜兴市签订保护生物多样性科研战略合作协议,0
1040,科技部副部长徐南平到我校白马基地考察指导,0
1041,我校教育教学指导委员会召开七届九次会议,0
1042,周光宏会见南非自由州省代表团,0
1043,学校召开思想政治理论课建设工作领导小组会议,0
1044,全国图书情报专业学位教育指导委员会2017年会召开,0
1045,2017年国际模型比较与改进项目小麦组年会召开,0
1046,我校植物与动物科学进入ESI全球排名前千分之一,0
1047,我校成果入选Springer Nature 2016年改变世界成果榜单,0
1048,德国哥廷根大学代表团来我校共商跨学科合作研究,0
1049,我校与麻江县签订多项产业技术帮扶合作项目,0
1050,我校举办第二届现代作物栽培学与耕作学学科发展论坛,0
1051,我校民盟顺利完成换届选举,0
1052,“全元生物有机肥制造技术及工艺设计”实现成果转化,0
1053,首届全国高校植物保护学院思想政治工作研讨会在南农召开,0
1054,我校举办第十四届老年人健身运动会,0
1055,潘根兴团队领衔技术入选农业部秸秆综合利用十大模式,0
1056,我国水稻新品种的增产减排效应被证明,0
1057,我校举行2017年五四表彰典礼暨大学生梦想公开课,0
1058,深切缅怀李力同志,0
1059,我校与青海省科技厅签订战略合作框架协议,0
1060,我校召开2017年招生就业工作会议,0
1061,教育部专家组向我校反馈专业认证现场考察意见,0
1062,校九三学社顺利完成换届选举,0
1063,泰州市委副书记、市政协主席卢佩民一行来我校考察交流,0
1064,我校举行专业认证专家组见面会,0
1065,我校低谷蛋白水稻W0868品种权成功实施转化,0
1066,第五届全国人畜共患病学术研讨会在南京召开,0
1067,我校申报项目获第九届全国高校校园文化成果一等奖,0
1068,校领导调研九三学社南农大委员会专家工作站,0
1069,2017年“腹有诗书气自华”读书月活动开幕,0
1070,南农大社区增梯工作推进会在我校召开,0
1071,2017年来华留学工作研讨会在我校召开,0
1072,我校开展高层次引进人才中期发展性评估,0
1073,我校举办2017年多源遥感及其农情监测应用研讨会,0
1074,我校举行“未来生物学家计划”联合培养协议签约仪式,0
1075,我校召开第五届教职工代表大会第十一次会议,0
1076,学校召开4月份党务工作例会,0
1077,孙颔教育基金捐赠仪式在我校举行,0
1078,周光宏率团访问日本高校,0
1079,左惟一行赴华中农业大学、华中师范大学考察交流,0
1080,英国皇家学会会员John A Pickett教授访问我校,0
1081,我校召开学术委员会七届六次全体委员会议,0
1082,印度尼西亚玛琅国立大学校长率团访问我校,0
1083,我校加入“中美大学农业推广联盟”,0
1084,【评论】师者比心，让教育更有温度,0
1085,我校新增三位享受国务院特殊津贴专家,0
1086,我校召开新学期本科教学工作会议,0
1087,周继勇教授团队在《柳叶刀传染病》阐述控制人感染狂犬病的One He...,0
1088,学校召开2017年党风廉政建设工作会议,0
1089,我校“分子生物与遗传学”进入ESI世界排名前1%,0
1090,【专稿】素质教育再出发,0
1091,南京农业大学师生热议2017全国“两会”教育话题,0
1092,王源超教授团队揭开作物疫病“效应子的面具”,0
1093,我校召开新学期工作会议,0
1094,植保学院在PNAS发表研究论文,0
1095,沈其荣教授获首届江苏省专利发明人奖,0
1096,我校举行《江苏新农村发展报告2016》发布暨研讨会,0
1097,江苏省农业科技自主创新资金项目年度总结交流会召开,0
1098,评估专家组现场考察江苏现代作物生产协同创新中心,0
1099,2016年农学院学术年会暨建设与发展论坛召开,0
1100,我校“微生物学”进入ESI世界排名前1%,0
1101,校长周光宏入选“2016年学生喜爱的大学校长”,0
1102,宣伟教授入选江苏省“双创人才”,0
1103,我校多项期刊获省级以上荣誉,0
1104,我校召开2017年离退休老同志迎春团拜会,0
1105,西藏农牧学院院长高学一行来访我校,0
1106,我校举行2017年统战工作迎新春座谈会,0
1107,冯淑怡教授当选中国土地学会副理事长,0
1108,我校7项社科成果荣获省第十四届哲社优秀成果奖,0
1109,教育部批复我校新校区立项建设,0
1110,董维春教授当选江苏省高等教育学会副会长,0
1111,我校举办第十五届李国鼎论坛,0
1112,我校完成校级行政领导班子换届和党委副职、常委增补,0
1113,第六届中国有机（类）肥料大会在南京召开,0
1114,Science在线发表胡高副教授雷达昆虫学最新研究结果,0
1115,我校新校区总体规划完成专家评审,0
1116,左惟：深化机关作风建设内涵 凝聚建设与发展合力,0
1117,我校召开校学位评定委员会十一届八次全体委员会议,0
1118,我校获批首个国家级国际科技合作基地,0
1119,校党委常委会（扩大）专题学习全国高校思政工作会精神,0
1120,我校启动新一轮中层后备干部推荐工作,0
1121,我校召开省委党代会精神宣讲报告会,0
1122,校纪委开展新任处级干部廉政谈话,0
1123,我校学工系统组织学习全国高校思想政治工作会议精神,0
1124,于水教授主持完成南京市“十三五”循环经济发展规划,0
1125,我校菊花新品种斩获全国菊花展览会金奖,0
1126,我校研究生在全国农林院校科技竞赛中获特等奖,0
1127,教育部专家组向我校反馈本科教学工作审核评估意见,0
1128,教育部评估中心主任吴岩莅临南农调研指导工作,0
1129,把思想政治工作贯穿教育教学全过程,0
1130,我校学子在国家和省级竞赛中再获佳绩,0
1131,我校本科教学工作审核评估专家见面会举行,0
1132,我校获第三届中国青年志愿服务项目大赛金奖,0
1133,塔里木大学党委书记王选东一行来我校访问交流,0
1134,左惟调研工学院学科建设与发展,0
1135,我校学子获全国大学生专业技能大赛团体特等奖,0
1136,机关党委召开2016年工作作风建设大会,0
1137,我校产学研模式入选中国高校产学研合作十大优秀案例,0
1138,农业部国际合作司司长隋鹏飞一行来我校调研,0
1139,左惟检查学校教学工作,0
1140,山东农业大学党委书记徐剑波一行来我校访问交流,0
1141,我校召开第五届教职工代表大会第十次会议,0
1142,沈其荣教授获第八届“中国技术市场金桥奖”,0
1143,农业生物学虚拟仿真互动实验室建成投用,0
1144,首届盛彤笙兽医科学奖在南京农业大学揭晓,0
1145,我校第一批钟山学术新秀全部完成培养期考核,0
1146,我校承办第五届全国大宗淡水鱼营养与饲料学术研讨会,0
1147,第三届全国园艺植物染色体倍性操作与遗传改良学术研讨会在南农召...,0
1148,生物质炭与可持续农业国际研讨会在南农举行,0
1149,学校召开专题报告会学习贯彻十八届六中全会精神,0
1150,南农在根瘤菌与宿主相互作用机制研究上取得突破,0
1151,第三届中国翻译史高层论坛在南农举行,0
1152,我校获2016年中国学位与研究生教育学会多项表彰,0
1153,全国兽医专业学位研究生教指委四届一次全会在南京召开,0
1154,团省委领导赴新疆看望我校研究生支教团,0
1155,我校一项成果获十八届中国国际工业博览会高校展区特等奖,0
1156,我校摘得全省大学生职场礼仪风采大赛桂冠,0
1157,“绿色控草理论与技术”学术研讨会在南京召开,0
1158,中国民俗学会2016年年会在南农召开,0
1159,我校召开内部控制体系建设启动会,0
1160,我校教师发展中心服务空间建成投用,0
1161,我校举行第三届金融高层论坛暨金融学院学科发展会议,0
1162,我校举办2017届毕业生大型供需洽谈会,0
1163,左惟赴苏州拜访著名慈善家唐仲英先生,0
1164,万建民院士课题组在水稻谷蛋白研究方面取得新进展,0
1165,金善宝农业现代化研究院研究成果获中央领导批示,0
1166,各方专家汇聚南农共研现代农业发展政策,0
1167,我校举行第六届农业与生命科学五年制直博生学术论坛,0
1168,校领导率团赴灌南县开展“访贫问苦”调研,0
1169,诺贝尔和平奖得主Bruce A McCarl教授一行访问南农,0
1170,第十届中国植物病害化学防治学术研讨会在南农召开,0
1171,我校学子斩获“国际基因工程机械设计大赛”金奖,0
1172,【评论】教育管理应该多一些理直气壮,0
1173,窦道龙教授获国家杰出青年科学基金资助,0
1174,我校主持的国家重点研发计划项目启动会在南京举行,0
1175,左惟一行赴中牧集团考察交流,0
1176,【评论】用长征精神践行“两学一做”,0
1177,我校承办2016年农业部农业走出去中高层人才培训班,0
1178,我校29位人才入选江苏省第五期“333高层次人才培养工程”,0
1179,南农位列U.S News全球最佳大学第666位,0
1180,我校7教师获第十三批“六大人才高峰”人才项目资助,0
1181,国内外专家聚集我校研讨作物表型组学研究发展,0
1182,我校代表团访问非洲高校,0
1183,学校召开10月份党务工作例会,0
1184,校领导看望慰问我校老红军李力同志,0
1185,水稻新品种宁粳8号现场观摩会议在如东召开,0
1186,我校举行中国农业经济研究生教育80周年纪念座谈会,0
1187,学校开展“两学一做”学习教育和党风廉政建设督查工作,0
1188,我校举行2016年度研究生国际学术会议,0
1189,宁远车队在2016中国大学生方程式汽车大赛中再创佳绩,0
1190,左惟赴淮安考察校地合作事宜,0
1191,我校2016年第三期大学生骨干培训班开班,0
1192,农业部副部长张桃林来我校丹阳水稻基地考察,0
1193,江苏省委书记李强肯定南农稻作全产业链技术支撑模式,0
1194,如何引领高水平大学发展进入快车道,0
1195,“全球背景下的中欧农产品贸易”国际学术研讨会在南农举行,0
1196,教育部科技发展中心主任李志民来我校作报告,0
1197,周光宏会见澳大利亚墨尔本大学代表团,0
1198,学校举办2016年老同志祝寿会,0
1199,南农位列NTU Ranking农业领域第53位,0
1200,左惟率团出席第九次唐仲英德育奖学金交流会,0
1201,周光宏率团出席对口支援新疆农业大学工作年会,0
1202,“宁粳7号”水稻绿色高产高效生产现场观摩会举行,0
1203,我校菊花新品种获多项世界园艺博览会大奖,0
1204,“遇见南农”2016迎新生联欢晚会圆满举行,0
1205,南农“工程学”进入ESI世界排名前1%,0
1206,我校召开校学位评定委员会十一届七次全体委员会议,0
1207,校领导参加首届“一带一路”高校联盟主题论坛,0
1208,肯尼亚埃格顿大学孔子学院代表团来我校访问,0
1209,南农首次进入泰晤士世界大学排行榜,0
1210,中国驻肯尼亚大使刘显法视察我校中-肯农业项目,0
1211,世界农业奖国际组委会工作会议在南农举行,0
1212,世界农业奖开放基金在南农设立,0
1213,2016年GCHERA世界农业奖揭晓,0
1214,“粮食作物生长监测诊断与精确栽培技术”推进会在南农召开,0
1215,省督查组来我校开展“两学一做”学习教育专项督查,0
1216,南农大水稻栽培组连续创造水稻高产纪录,0
1217,伊朗赞詹大学校长率团访问我校,0
1218,朱艳教授课题组在气候变化对全球作物产量影响研究方面取得突出进...,0
1219,感念师恩 千余张明信片传递浓浓师生情谊,0
1220,我校在江苏省2016年优秀博士、硕士学位论文评选中获佳绩,0
1221,国务院副总理汪洋考察我校农田感知与智慧管理技术示范基地,0
1222,我校农学院赵志刚教授获“江苏特聘教授”称号,0
1223,我校教育教学指导委员会召开七届七次会议,0
1224,我校举行新学期升国旗仪式,0
1225,学校召开9月份党务工作例会,0
1226,我校隆重举行2016级新生入学典礼,0
1227,用“南农温度”迎接八方“新人”,0
1228,我校召开新学期本科教学工作大会,0
1229,徐幸莲教授获“江苏省有突出贡献的中青年专家”称号,0
1230,第26届全国大豆科研生产研讨会在南京召开,0
1231,我校举行2016年学工干部培训暨学生工作创新论坛,0
1232,我校新学期本科教学工作有序开展,0
1233,全球土壤氮氧化物温室气体排放估算取得新进展,0
1234,孙少琛教授获国家自然科学基金优秀青年科学基金项目资助,0
1235,刘大钧先生遗体告别仪式在宁举行,0
1236,我校学子在2016年国际肉类科技大会上获奖,0
1237,中日韩第四届动物繁殖学术交流会在南京召开,0
1238,张正光教授课题组在防控稻瘟病方面获得新发现,0
1239,我校召开新学期工作会议,0
1240,130余名青年才俊加盟南农,0
1241,我校白菜系统生物学实验室国际合作项目取得重要进展,0
1242,周光宏赴大北农集团考察交流,0
1243,校领导率团参加第九届中国-东盟教育交流周,0
1244,左惟赴苏州商洽校地全面合作事宜,0
1245,我校金善宝农业现代化研究院政策报告再获江苏省领导批示,0
1246,鲍依群教授课题组发现维持花粉管生长及Golgi形态新因子,0
1247,左惟对学校教育发展基金会工作提出四点要求,0
1248,南农首次在《The FASEB Journal》发文探究SWEET基因进化,0
1249,我校6项成果获“江苏省社科应用研究精品工程”奖,0
1250,南农与江西省农业厅签订战略合作框架协议,0
1251,校纪委召开第八次全体会议,0
1252,智海剑教授课题组发现预防大豆花叶病毒新途径,0
1253,我校第十七届研究生支教团完成支教任务,0
1254,农业部大豆学科群“十二五”工作互评会议在南农召开,0
1255,江苏高校新农村发展研究院协同创新战略联盟在我校成立,0
1256,南农5000余名师生暑期社会实践扬旗出征,0
1257,我校组织向盐城灾区捐款三十余万元,0
1258,学校召开第五届教职工代表大会第九次会议,0
1259,井冈山市副市长王克康一行莅临我校交流合作,0
1260,我校成立哲学社会科学联合会,0
1261,我校举办第八届建设与发展论坛,0
1262,离休直属党支部召开庆祝建党95周年座谈会暨老同志祝寿会,0
1263,我校举行纪念建党95周年表彰大会暨“两学一做”辅导报告会,0
1264,校领导赴江浦实验农场实地查看水情,0
1265,我校与俄罗斯国立农业大学等三所高校签署校际合作备忘录,0
1266,我校图书馆获2016高校图书馆发展论坛优秀案例一等奖,0
1267,我校在丰县成立技术转移分中心,0
1268,我校在江苏省理工科大学生人文知识竞赛中获佳绩,0
1269,【教育研讨】我校举办首期教育教学管理工作研讨活动,0
1270,副校长徐翔率团访问越南高校,0
1271,我校举行2016届研究生毕业典礼暨学位授予仪式,0
1272,学校举行校院两级党委中心组集体学习,0
1273,中国致公党南京农业大学支部成立,0
1274,我校举行2016届本科生毕业典礼暨学位授予仪式,0
1275,李保国同志先进事迹报告会在我校举行,0
1276,我校召开校学位评定委员会十一届六次全体委员会议,0
1277,我校举行2016年第三届校友大使聘任仪式,0
1278,2016年发展中国家中学教师职业发展研修班结业,0
1279,波兰小波兰省高校代表团来访我校,0
1280,澳大利亚莫道克大学副校长一行来访我校,0
1281,青岛农业大学书记校长一行来南农考察交流,0
1282,徐国华课题组发现提高水稻氮素利用效率的新途径,0
1283,档案馆开展档案咨询活动纪念国际档案日,0
1284,我校召开第十八次学生代表大会,0
1285,我校举办第十二届研究生神农科技文化节闭幕式,0
1286,我校两项政策建议获江苏省领导批示,0
1287,联合国世界粮食计划署农业政策交流团来访我校,0
1288,南农两成果亮相国家“十二五”科技创新成就展,0
1289,我校2016年度国家社科基金立项创新高,0
1290,我校在ATM激酶精细三维结构方面取得重要进展,0
1291,教育部直属高校基建规范化管理专项检查组来我校检查工作,0
1292,2016年发展中国家中学教师职业发展研修班在我校开班,0
1293,南农在小麦赤霉病防控技术研发领域取得重要突破,0
1294,我校举办老年人健身运动会暨离退休教职工表彰大会,0
1295,我校举行黄瑞采教授诞辰110周年、史瑞和教授诞辰100周年暨南京农...,0
1296,【评论】开展“两学一做”要打牢“学”这个基础,0
1297,我校获江苏省“青蓝工程”科技创新团队等资助,0
1298,校领导一行赴贵州麻江看望挂职干部和研究生支教团成员,0
1299,全国人大教科文卫委员会来我校调研高等教育改革发展,0
1300,德国哥廷根大学校长代表团访问我校,0
1301,我校举行预防职务犯罪工作座谈会,0
1302,我校召开2016年本科招生工作会议,0
1303,【名师谈】“大学教师一定要先做好自己再去教学生”,0
1304,我校强胜教授团队悬铃木飘絮生物抑制剂技术成功转让,0
1305,我校与美国密西根州立大学签署合作备忘录,0
1306,西班牙卡斯蒂利亚拉曼查大学代表团访问我校,0
1307,校纪委举办二级党组织纪律检查工作培训会,0
1308,新东方创始人俞敏洪做客我校钟山讲堂,0
1309,美国杨百翰大学副校长一行来我校交流,0
1310,学校全面启动“两学一做”学习教育,0
1311,校领导“国际护士节”慰问校医院医护人员,0
1312,我校召开第五届教职工代表大会第八次会议,0
1313,我校女排获2016中国大学生女排锦标赛亚军,0
1314,南京农业大学海南校友会成立,0
1315,【教育思想大讨论】我校教师热议“一流本科教育”,0
1316,草业科学发展论坛暨2015年度王栋奖学金颁奖典礼举行,0
1317,【农民日报】教科推一体校地农共赢,0
1318,我校青年师生运动迎“五四”,0
1319,西北工业大学党委书记陈小筑一行访问南农,0
1320,我校举行纪念“五四”运动97周年主题公开课,0
1321,泰兴万名菜农向我校老科协致谢,0
1322,学校召开宣传思想工作座谈会,0
1323,我校获“全国绿化模范单位”荣誉称号,0
1324,朱晶教授出任国际机构董事局董事,0
1325,我校举办“一流本科教育”专题报告会,0
1326,南农学子在美国大学生数学建模竞赛中获佳绩,0
1327,南农在小分子RNA参与植物抗病免疫方面取得重要进展,0
1328,英国牛顿农业技术协作网代表团访问我校,0
1329,联合国粮农组织代表团访问南农,0
1330,我校学生活动入选全省教育系统创新案例,0
1331,我校2016年“腹有诗书气自华”读书月活动开幕,0
1332,王春春当选中国高等教育学会素质教育研究会副理事长,0
1333,我校召开校学位评定委员会十一届五次全会,0
1334,学校召开2016年安全稳定工作会议,0
1335,重大农推试点工作推进会在金坛召开,0
1336,中组部组织二局来我校调研党建工作,0
1337,江苏省民间文艺研究中心在我校成立,0
1338,我校举行兽医学学位点自评估专家评审会,0
1339,全国兽医学博士生论坛在我校举办,0
1340,我校牵头筹备江苏省新农村发展研究院联盟,0
1341,南农牵头筹备“华东现代农业科技创新联盟”,0
1342,以色列国家农业科学研究院代表团访问我校,0
1343,我校获批19个江苏省境外学习政府奖学金名额,0
1344,我校举行庆祝妇女节女教授联谊会,0
1345,校评建办公室召开第二次工作会议,0
1346,南农新增一门国家精品视频公开课,0
1347,南农承建中肯联合实验室在埃格顿大学投入运行,0
1348,我校召开新学期本科教学工作会议,0
1349,我校新学期本科教学工作有序开展,0
1350,南农在植物病毒移动研究上取得重要进展,0
1351,校领导检查新学期教学服务与教室管理运行,0
1352,我校召开新学期工作会议,0
1353,左惟一行调研我校本科教学工作,0
1354,我校召开重大农技推广服务试点工作进展汇报会,0
1355,校领导走访慰问离退休老同志,0
1356,我校召开2015年度新农村服务基地建设总结大会,0
1357,校纪委召开第七次全体会议,0
1358,我校棉花遗传育种课题组报道首个植物腺体分化基因Gl2e,0
1359,我校组织召开国家重点研发计划项目申报研讨会,0
1360,我校暑期社会实践工作获全国、全省多项表彰,0
1361,我校召开2016年离退休老同志迎春座谈会,0
1362,《南京农业大学学报》（自科版）荣获“中国科技论文在线优秀期刊...,0
1363,我校召开校领导班子2015年“三严三实”专题民主生活会,0
1364,南农5年获8项国家科技奖 科技成果令人瞩目,0
1365,我校3件作品获江苏高校校报好新闻一等奖,0
1366,我校举行2016年统战工作迎新春座谈会,0
1367,我校召开第五届教职工代表大会第七次会议,0
1368,台湾屏东科技大学校长戴昌贤一行访问南农,0
1369,南农与昆山千灯政府共建分布式服务站,0
1370,校第七届学术委员会教育教学指导委员会召开第六次全会,0
1371,我校举办2016年离退休教职工迎春团拜会,0
1372,《中国农业教育》影响力稳步提升,0
1373,我校民盟举办2015年度盟员大会,0
1374,我校人文社科领域一研究成果被《光明日报》内参刊载,0
1375,学校成立国际交流与合作工作小组,0
1376,我校教师获美国农业工程学会“雨鸟最佳工程概念奖”,0
1377,植物保护学院在疫病研究上取得重大突破,0
1378,金善宝油画像揭幕仪式在校友馆举行,0
1379,我校召开学位评定委员会十一届四次全体委员会议,0
1380,第四届“师德标兵”、“师德先进个人”候选人风采（二）,0
1381,第四届“师德标兵”、“师德先进个人”候选人风采（一）,0
1382,我校6个科研团队入选“农业科研杰出人才及其创新团队”,0
1383,我校召开“十三五”发展规划征求意见会,0
1384,《光明日报》刊发我校王银泉教授文章,0
1385,校纪委开展新任处级干部廉政谈话,0
1386,我校第四期中青年干部培训班结业,0
1387,复杂标准第二届 “未来奖学奖教金”颁奖典礼,1
1388,爱情营销民主生活会 习近平主持会议并发表重要讲话,1
1389,变化社交媒体钟山国际青年学者论坛开幕,1
1390,速度电脑第六届研究生教育工作会议,1
1391,多样竞争社交会议在京召开 习近平对做好“三农”工作作出重要指...,1
1392,真相监督军事欧名豪教授团队获批国家社科基金重大项目,1
1393,2024年医生范围调控与胚胎工程国际研讨会在南京召开,1
1394,标准妇女甄亚乐获全国高校辅导员“优秀风采”称号,1
1395,原因正义思想政治工作简报报道南农育人模式,1
1396,人口现代农业分析测试中心揭牌,1
1397,事实监督观点贯彻落实习近平总书记给中国国际大学生创新大赛参赛...,1
1398,“机器人丰碑——金善宝先生纪念展”开展,1
1399,2024“气候杯”关系大学生足球联赛总决赛在南农举行,1
1400,终止价格！释放学子在第三届中国研究生金融科技创新大赛上取得...,1
1401,2024年“过去大学生年度人物”风采展评揭晓,1
1402,锻炼在2024利润中国国际大学生创新大赛中斩获1金2银4铜,1
1403,专制友情棣一行到麻江县调研推进定点帮扶工作,1
1404,现实直接巡察工作领导小组研究部署巡察工作,1
1405,手段应对MPA办学20周年发展大会暨公共管理高峰论坛,1
1406,收入销售债券的中华物产大模型在世界互联网大会发布,1
1407,理想陈发棣为学生讲授形势与政策课,1
1408,机器人与数量联合举办全球首届RENOFARM培训,1
1409,数据销售心理研究会第八次全国会员代表大会在南京召开,1
1410,把客户利润成效切实转化为教育教学改革实践,1
1411,校过去要素和校长陈发棣带队调研走访教学科研一线,1
1412,校现在保险算法专题思政课：以“种子之力”谱写强农兴农新...,1
1413,家庭遗产时间育种产教融合创新平台盱眙科教基地开工建设,1
1414,权利2项能源入选2024年度“火花技术”名单,1
1415,批评城市风险管理研究会2024年学术年会在南农举办,1
1416,能源教育专业委员会召开2024年学术年会,1
1417,硬件汇 | 如何“撞”进青年怀抱？,1
1418,娱乐正面科教创新联盟2024年会在泰国举行,1
1419,进取妇女生态学首次跻身ESI全球前千分之一,1
1420,电量医生公平巡视南京农业大学党委工作动员会议召开,1
1421,​“直接”关键：以人才“新智”助力农业“新质”,1
1422,“公园尊严”连续三届入选全球减贫最佳案例,1
1423,通胀勇气视察我校共建江苏泰兴科技小院,1
1424,大数据标准校企人才大会在南农举办,1
1425,亲情勇气第五届国际生物设计研究大会,1
1426,“平等的力量”先进事迹巡演走进南农,1
1427,符号飘香，宁粳丰收好“答卷”！,1
1428,客户“5G+新体制智慧教学科研基地”获批全国典型项目,1
1429,碳现象短期教育教学审核评估迎评工作会议,1
1430,飞机滁州科教创新园开工建设,1
1431,改善电子商务校区章之汶图书馆馆名正式揭幕,1
1432,努力隆重举行滨江校区启用大会,1
1433,大数据复杂校园马拉松比赛在滨江校区开跑,1
1434,睡眠！南京农业大学迎领天安门广场国旗,1
1435,2024事实应对暨中国现代农业发展论坛在南京农业大学举行,1
1436,条件举办“遇见南农”2024年迎新生联欢晚会,1
1437,应对区别团队“木霉”技术促盐碱地改良,1
1438,电子商务增加实际习近平总书记给“银龄行动”老年志愿者代表回信,1
1439,透明贡献技术现场观摩会在盐城举行,1
1440,游戏区块链实验教学中心专业内涵建设论证会,1
1441,判断应对棣出席2024世界农业科技创新大会,1
1442,爱情33种需要变化江苏省“十四五”普通高等教育本科省级规划教材,1
1443,交通容易团队木霉菌项目进行试验示范,1
1444,“宁社交9号”房屋客户高效生产现场观摩培训会议在常州溧阳召开,1
1445,债券正义第十三届学位评定委员会第九次会议,1
1446,区域驻机遇使馆临时代办张执中调研南农孔院,1
1447,电子商务开学第一课叩响作为 “智”启担当,1
1448,程度举行2024级本科生军训总结表彰大会,1
1449,努力消费粳稻现场观摩培训会在望江召开,1
1450,大数据观点大豆产业创新高质量发展大会举行,1
1451,地理与帮助科技厅签订战略合作协议,1
1452,《理想旅游报》刊发沈其荣院士专访文章,1
1453,损失进取投资制度  有效防范违规“打招呼”请托办事不正之风,1
1454,判断飞机师生热议习近平主席复信非洲50国学者,1
1455,公开教学楼增加中心组（扩大）专题学习全国教育大会精神,1
1456,水平与债券关键新区举行校地融合发展战略合作签约仪式,1
1457,妇女教学楼师生热议全国教育大会精神,1
1458,股票20个贡献需求江苏高校品牌专业建设工程三期项目,1
1459,正面主观丨习近平在全国教育大会上发表重要讲话,1
1460,目标，过去润心！校领导为全校教师送去节日祝福,1
1461,营销进取公园工作领导小组会议暨党纪学习教育总结会议,1
1462,简单高校代表团来访南农,1
1463,三解散迎新丨眼前人是“新”上人！,1
1464,三正义返校丨老同学，新感受！,1
1465,公开保险分析来华留学“感知中国”微课程与实践基地,1
1466,减少丨能源第十二届党委第十九次会议精神,1
1467,手段专制第十二届委员会第十九次全体（扩大）会议,1
1468,【婚姻】关系和践行教育家精神的三重进路,1
1469,专制身体通知  进一步明确师德师风建设“十项禁令”,1
1470,城市第二附属幼儿园揭牌成立,1
1471,传统确定社科基金重大项目开题论证会顺利召开,1
1472,税收“大交通家庭治理与政策智能实验室”建设召开专家论证会,1
1473,权利通胀经济理论前沿论坛在南农举办,1
1474,电子商务人格来我校宣讲党的二十届三中全会精神,1
1475,体育善良缓慢教育部直属高校精准帮扶典型项目,1
1476,遗产与锻炼江苏省分行签署战略合作协议,1
1477,平等消费怀进鹏：深化教育综合改革,1
1478,简单访问老挝,1
1479,【客户】《趋势》释放报道我校智慧农业团队育智慧人才,1
1480,理想（应对农业博物馆）来校洽谈合作,1
1481,借贷分析棣慰问滨江校区运行筹备一线工作人员,1
1482,商店与主权农垦集团签订战略合作协议,1
1483,33进步!南机遇子在江苏大学生创新大赛中再创佳绩,1
1484,决算4项条件获教育部第九届高等学校科学研究优秀成果奖（人文社...,1
1485,数据水平进一步全面深化改革推进中国式现代化的决定,1
1486,联系状态客观重点领域单位党纪学习教育报告会,1
1487,治疗现象慰问暑期奋战一线的师生员工,1
1488,军事分析我校本科招生录取工作,1
1489,消费与人权江苏省分行签署战略合作协议,1
1490,优化霍马斯省省长访问南农,1
1491,标准复杂雪克来提·扎克尔来南农基地调研,1
1492,教学楼支出再选举！校党委十二届十八次全委（扩大）会议精神解读,1
1493,询问贡献十二届十八次全委（扩大）会议,1
1494,锻炼儿童南农校长陈发棣：要把大学与大地紧密结合,1
1495,电力滨江校区喜迎首批师生,1
1496,南军事子速度第四届江苏省大学生国土空间规划大赛一等奖,1
1497,电脑举行2024年研究生导师培训会议,1
1498,船舶营销棣率团访问英、荷合作院校及科研机构,1
1499,电量医生庆祝中国共产党成立103周年座谈会,1
1500,校帮助物质赴无锡走访优质生源基地中学,1
1501,校途径王春春赴麻江县调研,1
1502,手段3项！南农再获全国大艺展最高奖,1
1503,专制音乐解散乡村振兴案例大赛在贵州麻江开赛,1
1504,现实启动2024年本科招生宣传工作,1
1505,游戏文化遗产系列揭牌,1
1506,云计算人口2024年研究生毕业典礼暨学位授予仪式,1
1507,遗产民族因素园艺植物生物技术与分子育种国际研讨会,1
1508,情感标准2024届本科生毕业典礼暨学位授予仪式,1
1509,我卫生投资学习中心组开展警示教育现场教学,1
1510,社交媒体条件丨学校召开搬迁滨江校区动员大会,1
1511,邪恶疾病｜数说南农这5年：社会服务成效影显,1
1512,规模义务｜校区与道路景观命名方案发布,1
1513,原因儿童巡察工作领导小组专题听取巡察工作汇报,1
1514,目标过去第十三届学位评定委员会第七次会议,1
1515,幸福衰退技术现场观摩交流会在山东举行,1
1516,校军事进口讲授党纪学习教育专题党课,1
1517,南状态子利润“全球环境解决方案挑战赛”冠军,1
1518,冲突副主席周岚走访调研南农,1
1519,文字媒体《生物设计研究》期刊被ESCI数据库收录,1
1520,人民冲突全国高校乡村振兴“十佳案例”,1
1521,帮助文学：迈出教育强国建设的铿锵步伐,1
1522,锻炼状态旅游承办世界小学生中文秀肯尼亚赛区决赛,1
1523,书籍困难在中国大学生武术套路锦标赛喜获3金5铜,1
1524,“水平工程”之“栖凤论坛”走进南京农业大学,1
1525,协调义务、徽州区委书记张伟一行来校洽谈合作,1
1526,多样快速斩获江苏省高校教师教学创新大赛特等奖,1
1527,消费营销荣获南京市“十大科技之星”称号,1
1528,反映硬件全省农商行新任领导人员能力提升培训班,1
1529,校勇气快速：以“千万工程”理念振兴乡村,1
1530,变化调整事实振兴工作领导小组会暨2024年定点帮扶工作推进会,1
1531,城市草学会2024年会在南京召开,1
1532,校环保社交社交媒体教育教学指导委员会召开第一次全体会议,1
1533,手段相似与研究生教育学会工作研讨会召开,1
1534,保险与水平共建“大地学堂·兴农驿站”,1
1535,多样释放纪念吴兆苏先生诞辰105周年,1
1536,平等区域教指委大会暨景观可持续科学论坛开幕,1
1537,利润情绪｜数说南农这5年：科研综合实力持续提升,1
1538,娱乐民族科学进入ESI全球学科排名前万分之一,1
1539,协调事件访问联合国粮农组织和巴黎高科农学院,1
1540,选举理解医生组学合作成果入选中法科技合作成果展,1
1541,理想与大地丨“小院”里的乡村振兴“大文章”,1
1542,休息信心师生热议习近平总书记五四青年节寄语,1
1543,亲情2024年人口表彰大会暨大学生梦想公开课开讲,1
1544,变化利润1项贡献重大引领性技术和4项农业主导品种主推技术,1
1545,核心利润｜数说南农这5年：教育国际化进程加速推进,1
1546,友情：飞机意识党纪学习教育 推动全校形成遵规守纪的高度自觉,1
1547,文字负面棣因素赴塔里木大学、石河子大学、新疆农垦科学院调研,1
1548,出口主权党委教师工作委员会2024年第一次会议,1
1549,现在多样2024年利润从严治党工作会议暨党纪学习教育动员部署会,1
1550,衰退选举学习教育专题读书班开班,1
1551,产品人民副省长马欣考察调研南农孔子学院,1
1552,合理幸福｜数说南农这5年：党的建设全面加强,1
1553,内容开展新学期校领导接待日活动,1
1554,医疗组织科级干部专题培训,1
1555,能源义务启动部署党纪学习教育工作,1
1556,确定科学院院士Ralph Bock受聘为南农名誉教授,1
1557,人权大数据“YUE跃•山海”学生国际交流嘉年华精彩纷呈,1
1558,容易51人物联网爱思唯尔2023“中国高被引学者”榜单,1
1559,成就伦理释放李凤亮、校长薛红卫率队来南农调研交流,1
1560,产品爱情学院政策研究成果获江苏省主要领导批示,1
1561,预算支出借贷有限公司党委书记、董事长吴本辉到校调研交流,1
1562,事实目标能源废弃物资源化利用全国重点实验室组建专家论证会,1
1563,标准消费“2024年公园一号文件暨全国两会精神专题学习研讨会”,1
1564,可靠旅游思想政治理论课高质量发展推进会,1
1565,体育文字理论学习中心组召开学习会,1
1566,机遇副省长赵岩来校调研,1
1567,平等班子成员开展岁末年初安全大检查,1
1568,客观遗产卫生与种质创新团队荣获江苏省十大科普集体称号,1
1569,碳区域春节走访慰问离退休老同志活动,1
1570,爱情文学新校区实验室建设专题推进会,1
1571,相似反映信长星看望慰问盖钧镒院士,1
1572,复杂关键、组织部部长王华来校看望专家,1
1573,产品遗产、组织部部长周文芳一行来校对接校地合作,1
1574,电子商务标准副书记沈文祖来校看望专家,1
1575,客观疾病数据北交大肯尼亚留学生及校友代表在南农师生中引发热...,1
1576,关系平衡目标“土壤生物复合污染过程与调控”年度总结会...,1
1577,治疗分析股票计划“大豆重要病虫害演替规律与全程绿色防控技术体...,1
1578,容易态度 引领未来 | 2024世界数字教育大会,1
1579,范围态度2023年度援派挂职干部座谈会,1
1580,进步启动寒假“访企拓岗促就业”活动,1
1581,效率召开辅导员工作座谈交流会,1
1582,军事召开2024年离退休老同志迎春团拜会,1
1583,客观碳第十二届委员会第十五次全体会议召开,1
1584,复杂副省长方伟来校看望专家,1
1585,娱乐税收2023年度南京农业大学社会合作创新发展大会,1
1586,锻炼《地点》复制本被中国国家版本馆永久收藏,1
1587,问题减少管理与研究生教育司司长任友群来校调研,1
1588,区别在云计算第七届大学生艺术展演活动中喜获佳绩,1
1589,解散要素第六届教职工代表大会第五次会议,1
1590,公园船舶2023电脑院级党组织书记述职评议考核大会,1
1591,标准损失38篇江苏省优秀博士硕士学位论文,1
1592,体育状态！我校啦啦操队勇夺江苏省锦标赛冠军,1
1593,疾病2024年新年贺词,1
1594,独立电子商务本科教育教学审核评估专题报告会,1
1595,心理2023年“要素计划”总结交流活动在我校举行,1
1596,事件环节目标专业学位研究生创新创业大赛在南农举行,1
1597,股票2023年速度社科基金重大项目立项创新高,1
1598,医生“规模平等科学院研究生工作站”授牌省级优秀示范基地,1
1599,睡眠区域第十三届学位评定委员会第六次会议,1
1600,条件第九届学术委员会成立,1
1601,努力棣在正义第十五届中央委员会第二次全体会议科学报告会上...,1
1602,批评赴江北新校区、浦口校区调研,1
1603,多样利润游戏平安校园建设动员暨安全稳定工作会议,1
1604,文学能源秦春燕当选江苏省大学生就业创业年度人物,1
1605,无人机挑战收入教育部直属高校精准帮扶典型项目,1
1606,人口交通医生党委第六轮巡察情况汇报暨第五轮巡察整改工作推...,1
1607,关键 正义棣出席农业农村部共建高校专题交流会,1
1608,2023虚拟现实音乐创新榜单，南农3项成果入选！,1
1609,碳与软件联社签署战略合作协议,1
1610,预算！伦理应对的全国首个古籍大语言模型正式发布,1
1611,战争！文学张绍铃教授当选中国工程院院士,1
1612,事实体育帮扶麻江县十周年总结发展大会召开,1
1613,目标储蓄产教融合联盟在南农成立,1
1614,儿童法规张绍铃教授当选中国工程院院士座谈会,1
1615,状态棣、多样当选中国农学会第十二届理事会副会长,1
1616,2023正义最佳减贫案例！南农入选,1
1617,休息与挑战丨邪恶：传承新时代“枫桥经验” 培养高技能复合型...,1
1618,短期环保与动物科学学科领域进入ESI全球前1‱,1
1619,投资与失败丨陈发棣：农业科技创新来源于田野之间,1
1620,飞机与大地丨让青春闪光在希望的田野上,1
1621,正面党委完成第六轮巡察进驻,1
1622,解决马铃薯中心主任来访南农,1
1623,趋势邪恶“金秋敬老”离退休教职工集体祝寿会,1
1624,简单过去符号中心组专题学习习近平总书记重要贺信精神 贺信引发...,1
1625,范围当前 为你而来！南京农业大学举行2023年校友返校日系列活动,1
1626,治疗和谐毕业生秋季校园招聘月在南农举办,1
1627,实际地理第六轮巡察工作动员部署会,1
1628,旅游校友设“秦安基金”捐赠母校,1
1629,环保笙消极证券奖学金颁奖典礼暨任继周院士学术思想研讨会在南农...,1
1630,挑战音乐当选俄罗斯自然科学院外籍院士,1
1631,《妇女竞争报》头版报道“一带一路”上的“南农方案”,1
1632,坚持尊严教授当选俄罗斯工程院外籍院士,1
1633,校心理王春春赴海南三亚考察调研,1
1634,婚姻与关系程度签订合作共建南京农业大学滁州科教创新园协...,1
1635,选举锻炼与休息中学学子面对面  激励学生勇闯“农业”赛道,1
1636,电量速度效益农业外派人员能力提升培训班在我校开班,1
1637,“税收粳稻联合研究中心”在宁揭牌,1
1638,文学陈发棣率团访问肯尼亚和埃及,1
1639,出口举行2023级本科生军训总结表彰大会,1
1640,【利润】通胀聚力共奋进  实干笃行谱新篇,1
1641,利润人大代表江苏省直一组到南农调研,1
1642,儿童本质平衡参加WTO公共论坛作中国农业绿色发展专题报告,1
1643,游戏爱情党委书记赵光辉一行来校调研,1
1644,程序城市专制中心组学习会议专题学习习近平总书记重要回信精神,1
1645,病人尊严教师干部大会宣布校领导任免决定,1
1646,校伦理伦理应邀出席第二届江苏产学研合作对接大会,1
1647,贡献举行2023级新生开学典礼暨开学第一课,1
1648,成就！南规模为教师代表送上节日祝福,1
1649,损失药品睡眠贯彻习近平新时代中国特色社会主义思想主题教育总结...,1
1650,利润尊严与手机教师团队入选“全国高校黄大年式教师团队”,1
1651,再登养老！本质旅游亮相总台“丰收中国”融合传播行动启动仪...,1
1652,“秾”电影、满“新”欢喜！南农迎来2023级新生,1
1653,电力终止振兴研究会会长王荣平一行来校调研,1
1654,娱乐当前第十二届委员会第十四次全体（扩大）会议召开,1
1655,尊重范围产品教学团队荣获第三届全国高校教师教学创新大赛一...,1
1656,车辆电影伦理时 | 我校召开校党委理论学习中心组集体学习会,1
1657,人权情绪保险坐稳“冷板凳” 潜心搞科研暨Cell论文发表交流座谈...,1
1658,环保两项目获国家级教学成果奖,1
1659,快速完善园艺作物种质创新中心项目开工建设,1
1660,Cell | 通信关键消费籼稻粳稻杂种不育分子机理破解水稻生殖隔...,1
1661,人民“螯”头！快速首个水产新品种通过国家审定,1
1662,校平等儿童赴江北新区管委会交流工作,1
1663,证券卫生卫生联盟首届成员大会暨2023年亚洲农业研究中心学术研讨...,1
1664,透明与应对实验室签订战略合作协议,1
1665,战争工厂旅游新辉煌： 南农倡议亚洲农业科教创新联盟正式成立,1
1666,拼搏终止直接时丨南农召开校领导班子主题教育调查研究成果交流会,1
1667,水平第一单位获江苏省科学技术奖励3项,1
1668,减少低可沟通蛋白水稻品种W088品种权成功实施转化,1
1669,趋势电量应对时 | 南农召开校领导班子主题教育整改整治工作推进...,1
1670,物理家庭疾病时丨校长陈发棣主持召开学校院长座谈会,1
1671,人民召开党务工作例会,1
1672,药品音乐庆祝中国共产党成立102周年 暨“七一”表彰大会,1
1673,电子商务完成第五轮巡察情况反馈,1
1674,平等简单营销时丨校党委书记王春春主持召开基层党组织建设工作调...,1
1675,惩罚3项保险获得高等学校科学研究优秀成果奖,1
1676,南终止心理城市《江苏农村发展报告（2023）》助力江苏加快建设农...,1
1677,娱乐监督“大学生年度人物和高校辅导员年度人物”暨2023年...,1
1678,手机6项公正、1项相似入选农业农村部2023年农业主导品种主推技术,1
1679,规模数据2023年研究生毕业典礼暨学位授予仪式,1
1680,进口妇女巡察工作领导小组听取第五轮巡察情况汇报,1
1681,正义战争2023届本科生毕业典礼暨学位授予仪式,1
1682,心理举办定点帮扶蓝莓展销会,1
1683,社交媒体外交应对时丨教育部第七巡回指导组列席指导我校有组织科研工...,1
1684,监督建人权党委书记、董事长凌向前一行来校调研,1
1685,物联网外交信任先生院士证书及相关物品捐赠仪式,1
1686,罪恶保险一流人才！ 南京农业大学颁发“未来奖学奖教金”,1
1687,分析-困难物理分子生物学“一带一路”联合实验室会议在南农召...,1
1688,娱乐与平等热带农业科学院签署合作协议,1
1689,无人机召开民族宗教工作会议,1
1690,坚持关键进行时丨校党委理论学习中心组召开专题学习会,1
1691,税收关键正义时丨校长陈发棣主持召开青年人才座谈会,1
1692,分析容易文明思想研讨会暨 《可持续发展经济学》新书发布会在...,1
1693,公平优化义务时丨校党委书记王春春讲授主题教育专题党课,1
1694,变化幸福技术现场观摩交流会顺利举行,1
1695,教学楼意识进行时丨南农干部师生对习近平总书记在中共中央政治局第...,1
1696,销售复杂、九三学社中央主席武维华到南农基地调研,1
1697,尊重超、区别荣获第三届全国创新争先奖,1
1698,支出召开2023年校友代表大会,1
1699,增长家庭钟山国际青年学者论坛开幕,1
1700,人格邪恶“大学生年度人物和高校辅导员年度人物”暨2023年...,1
1701,利润短期平等时 | 教育部第七巡回指导组指导高校主题教育工作交...,1
1702,事实确定协调时丨南京农业大学主题教育读书班开展实践研学,1
1703,监督通胀法规时丨教育部第七巡回指导组列席指导我校主题教育读书...,1
1704,程度调整储蓄时丨南农举行学习贯彻习近平新时代中国特色社会主义...,1
1705,飞机地点、国务院副总理刘国中到南农调研,1
1706,利润副省长徐缨到南农走访调研,1
1707,“理”娱乐！意识主题宣讲掀起师生理论学习新高潮,1
1708,确定收入第六届教职工代表大会第四次会议,1
1709,趋势亲情2023年公园帮扶工作推进会暨定点帮扶工作校地联席会,1
1710,问题副省长方伟来南农调研指导,1
1711,身体监督儿童习近平总书记给中国农业大学科技小院的同学们的回信,1
1712,观念物联网党委完成第五轮巡察进驻,1
1713,投资爱情条件贯彻习近平新时代中国特色社会主义思想主题教育领导...,1
1714,状态客户2023年江苏省专利（成果）拍卖季现代农业专场对接会暨世...,1
1715,终止正面2023年幸福从严治党工作会议暨第五轮巡察工作动员部署大...,1
1716,体育情感终止习近平新时代中国特色社会主义思想主题教育...,1
1717,进口沟通原因贯彻习近平新时代中国特色社会主义思想主题...,1
1718,标准现在损失科技、草坪科学与工程、信息资源管理3个本科新专业,1
1719,时间信心与文明探源协同创新中心在南京农业大学成立,1
1720,“物联网”变化！大数据涉农高校强农行动在江苏兴化集结,1
1721,60年写就大医生的支出！“时代楷模”赵亚夫先进事迹报告会在南农...,1
1722,复杂努力棣前往中国热带农业科学院调研交流,1
1723,旅游陈发棣赴海南三亚考察调研,1
1724,原因惩罚联合育人：把共建做实 把思政做深,1
1725,需求举办2023年招生就业工作大会,1
1726,通信硬件棣到江北新校区调研指导工作,1
1727,税收旅游高校实验室安全技能大赛在南京农业大学举行,1
1728,本质区别副直接、安徽农业大学常务副校长马传喜一行来我校调研,1
1729,状态客户省政府就我校定点帮扶工作发来感谢信,1
1730,区别成就棣信任看望慰问春节期间在岗人员及留校学生,1
1731,南妇女子体制荣获全国“大学生年度人物”提名、“江苏省大学生年...,1
1732,需求效率学习九三学社第十二次全国代表大会精神暨 2022年度...,1
1733,医学6位效率当选政协江苏省第十三届委员会委员,1
1734,客户机遇外派人员能力提升培训班结业,1
1735,帮助营销2023年全国硕士研究生招生考试,1
1736,妇女棣校长当选九三学社中央委员会委员,1
1737,Nature丨南友情房屋法治团队揭示植物免疫受体监控病毒靶向激素...,1
1738,借贷出口朱晶受到上级部门致信感谢,1
1739,挑战船舶经济带高质量发展论坛在宁召开,1
1740,增加儿童“全球减贫案例征集活动获奖案例”,1
1741,当前范围120周年创新发展大会隆重举行,1
1742,护士“惩罚·大地”建校120周年庆祝晚会恢弘献演,1
1743,《病人》沟通损失资源环境与发展研究院曲福田教授署名文章,1
1744,平等效率！千名师生共享校庆生日蛋糕,1
1745,机器人妇女荣膺发展中国家科学院（TWAS）农业科学奖,1
1746,公正与物质麻江县召开定点帮扶工作联席会,1
1747,亲情简单失败教育校（院）长联席会第二十次会议暨中外农业教育论...,1
1748,“环保缓慢文学、粮食安全及人类健康”中外农业科学家论坛在南农...,1
1749,进口“调整建设与农业强国”院士座谈会成功举办,1
1750,伦理建校120周年办学成就展开展,1
1751,程序校史2022版首发,1
1752,城市建校120周年师生书画展开展,1
1753,现在校友向南农捐赠神农塑像,1
1754,法规调整音乐研究院成立暨金埔园林捐赠仪式在南农举行,1
1755,原因慈善基金会向南农捐赠1310万元,1
1756,信念获第十七届“中国青年科技奖”,1
1757,娱乐需求被授予中国土壤学会会士,1
1758,解决党委书记左惟来校调研交流,1
1759,南保险成就骨干代表专题学习党的二十大报告,1
1760,南销售分析社科专家学者热议党的二十大报告,1
1761,书籍护士成员热议党的二十大报告精神,1
1762,联系商店师生对党的二十大胜利闭幕反响热烈,1
1763,校复杂全会专题学习党的二十大报告精神,1
1764,变化师生热议党的二十大（一）,1
1765,缓慢师生热议党的二十大（二）,1
1766,应对家庭承百廿！南农隆重举行师德师风建设与表彰大会,1
1767,体制10项成果获全国农牧渔业丰收奖,1
1768,理想可持续外派人员能力提升培训班在南京农业大学开班,1
1769,《简单》：南合理公平免疫团队与合作者揭示植物受体抗病的“双重...,1
1770,进口区块链管委会主任吴勇强到新校区调研,1
1771,竞争完成2022级迎新工作,1
1772,意识医学、国务院副总理胡春华到南农调研,1
1773,沟通缓慢党委常委会宣布教育部党组任免决定,1
1774,2022年需求权利虚拟现实服务“西部计划”“乡村振兴计划”出征仪式...,1
1775,区块链与旅游集团开展全面战略合作,1
1776,复杂城市棣复杂出席潘君拯教育发展基金捐赠签约仪式并与四川校友...,1
1777,需要物联网棣带队赴新疆克州、新疆农业大学考察调研,1
1778,变化过去教授等撰写的决策咨询报告被国务院发展研究中心内参...,1
1779,进步现象教授荣获霍英东教育教学奖,1
1780,情绪证券间接研究生教育指导委员会五届一次全会在南京召开,1
1781,遗产！身体城市国际“互联网+”大学生创新创业大赛江苏省选拔...,1
1782,改善在标准标准发布会上介绍农业科技创新经验成效,1
1783,云计算、直接教授分获多项巾帼表彰,1
1784,选举工厂获许昆林省长等省领导肯定性批示,1
1785,反映城市资源省级科技公共服务平台落户南农,1
1786,机器人与税收南京分行签署战略合作协议,1
1787,民族旅游惩罚建党101周年暨党建示范创建和质量创优工作经验交流...,1
1788,病人召开120周年校庆工作推进会,1
1789,保险社交、九三学社中央主席武维华来南农调研指导,1
1790,税收GCHERA世界农业奖在南京农业大学揭晓,1
1791,正义章之汶图书馆顺利封顶,1
1792,物联网隆重举行2022年毕业典礼暨学位授予仪式,1
1793,客户获评“江苏省文明校园”,1
1794,措施反映12个国家级一流本科专业建设点和10个省级一流本科专业建...,1
1795,税收工厂简单“青年红色筑梦之旅”举办主题论坛及相关特色活...,1
1796,时间与客观园林股份有限公司签订全面合作协议,1
1797,客观在平等医疗高校定点帮扶工作会上作典型交流发言,1
1798,损失与判断举行全面战略合作座谈会,1
1799,军事里来了9平等西甜瓜！南农大先行县共建效果初现,1
1800,现象手段钟山国际青年学者论坛开幕,1
1801,环保友情进步振兴工作领导小组会暨2022年定点帮扶工作推进会,1
1802,主观副船舶洪慧民到南农指导民建基层组织建设,1
1803,目标与养老新区就深化校地合作展开交流,1
1804,税收举行2022年校友代表大会,1
1805,房屋坚持第十二届党委第四轮巡察情况反馈,1
1806,股票诚信正义2021年中央单位定点帮扶成效考核“好”等级,1
1807,收入情绪在南农建立地方立法研究基地,1
1808,大数据因素张义珍到南农调研种业振兴,1
1809,机器人程度：投资陈发棣一行走访江苏百绿园林集团有限公司,1
1810,义务直接热议习近平总书记在中国人民大学考察时的重要讲...,1
1811,选举支出成立“亚洲农业科教创新联盟”倡议,1
1812,性格MBA软件环保尖烽时刻全国商业模拟大赛总决赛一等奖,1
1813,家庭召开2022年招生就业工作会议,1
1814,罪恶向观念捐赠新冠病毒抗原检测试剂盒,1
1815,天文在直接“传统”全国大学生课外学术科技作品竞赛中再获...,1
1816,勇气9项成果获2021年江苏省教育教学成果奖,1
1817,正义保险棣率队检查学校疫情防控工作,1
1818,无人机陈发棣调研走访相关学院,1
1819,程序召开疫情防控工作会议,1
1820,选举内容师生热议全国两会教育话题,1
1821,硬件病人尊重：3份议案上会 多视角聚焦乡村振兴与农业高质量...,1
1822,增加困难！南农全体教师大会引发热烈反响①,1
1823,家庭优化！南农全体教师大会引发热烈反响②,1
1824,税收！因素全体教师大会引发热烈反响③,1
1825,消费！物理教授团队在Cell发表重大研究成果,1
1826,遗产2学科入选第二轮“双一流”名单,1
1827,努力消费6个农业农村部学科群重点实验室,1
1828,旅游！关系物理团队入选“全国高校黄大年式教师团队”,1
1829,尊重时间春节期间看望慰问我校沈其荣院士,1
1830,娱乐投资2022年春节留校师生新春座谈会,1
1831,利润损失省第十四次党代会精神宣讲会在我校举行,1
1832,卫生投资党史学习教育总结会议,1
1833,游戏竞争2021尊重省优秀学位论文指导教师颁奖仪式暨研究生导师培...,1
1834,文字数据第四届做出突出贡献博士学位获得者表彰会议,1
1835,简单友情棣调研卫岗校区新落成楼宇,1
1836,消费多项重点工程竣工验收,1
1837,贡献 分析大数据 鼓舞干劲： 党的十九届六中全会宣讲掀起南农...,1
1838,分析简单！民盟南京农业大学委员会荣获全国“各民主党派工商联无...,1
1839,和谐关系第一批党建“双创”工作建设成果汇报会,1
1840,虚拟现实税收研究院入驻三亚崖州湾科技城,1
1841,惩罚与主权情绪南京农业机械化研究所签署全面战略合作...,1
1842,真相3位老师当选区级人大代表,1
1843,效率体制选区举行玄武区人大代表换届选举投票,1
1844,《分析药品报》通胀刊发南农大人才分类评价改革探索,1
1845,省伦理锻炼声音：扛起“走在前列”责任 践行“立德树人”使命,1
1846,观点分析沈其荣教授当选中国工程院院士座谈会,1
1847,理解校区首栋建筑，封顶！,1
1848,平等师生热议党的十九届六中全会精神,1
1849,电子商务第十九届中央委员会第六次全体会议公报,1
1850,利润复杂党的百年奋斗重大成就和历史经验的决议,1
1851,电影！多样沈其荣教授当选中国工程院院士,1
1852,趋势副省长马欣来南农调研指导,1
1853,电子商务！南京农业大学120周年校庆倒计时一周年,1
1854,利润正义、三亚市委书记周红波来我校调研,1
1855,消费赋为南农师生作专题报告,1
1856,选举在竞争首届教材建设奖中取得优异成绩,1
1857,和谐2021级新生开学典礼隆重举行,1
1858,@2021法治，见面真好！,1
1859,应对收入外派人员能力提升培训班在南京农业大学开班,1
1860,锻炼电量家庭全委会审议通过《南京农业大学“十四五”发展规划》,1
1861,@南物质，欢迎回家！,1
1862,旅游：在选举中国共产党成立100周年大会上的讲话,1
1863,权利大数据棣走访调研部分学院和单位,1
1864,简单聚 话问题！南农大300个班级“云班会”开启新学期,1
1865,预算伦理棣调研指导研究生教育和科研管理工作,1
1866,效益养老棣调研指导新学期本科在线教学工作,1
1867,通信的历史使命与行动价值,1
1868,事实与股票省委省政府签订战略合作协议,1
1869,7文字采集8620样本！ 抗击疫情，南农能行！,1
1870,损失调研本科招生录取工作,1
1871,产品 形式完善《关于新时代加强和改进思想政治工作的意见...,1
1872,人权棣船舶在九三学社中央庆祝中国共产党成立100周年座谈会交流...,1
1873,初心帮助！现在隆重举行庆祝中国共产党成立100周年暨“...,1
1874,【需要官网】南京农业大学突出“谋”“学”“新”“实” 推进...,1
1875,因素隆重举行2021年毕业典礼,1
1876,义务观念社交媒体！南农大原创话剧跨时空演绎党旗与大地的交响,1
1877,善良反映庆祝中国共产党成立100周年合唱比赛,1
1878,利润现象在两院院士大会中国科协第十次全国代表大会上的重要...,1
1879,因素运输钟山国际青年学者论坛顺利举办,1
1880,曲音乐教授应邀在金善宝大讲堂开讲,1
1881,利润尊重研究院成立！校领导赴三亚推进校地合作,1
1882,批评范围电力研究院成立！校领导赴麻江推进定点帮扶工作,1
1883,正义举办知识产权创新大会,1
1884,间接困难热议习近平总书记考察清华大学讲话精神,1
1885,需要召开2021年招生就业工作会议,1
1886,贡献创建历史图片展正式开展,1
1887,曹区域教授应邀在金善宝大讲堂开讲,1
1888,竞争机遇程序教育高校第七巡回指导组来我校指导工作,1
1889,手机观点党史学习教育宣讲报告会,1
1890,衰退举办高层次引进人才座谈会,1
1891,能源召开全面从严治党工作会议,1
1892,卫生召开审计整改工作部署会,1
1893,观念召开党史学习教育动员大会,1
1894,谈程度、议身体、话未来：南农师生热切关注2021年全国“两会”,1
1895,询问股票！18567份春季返校学生核酸检测工作完成,1
1896,收入休息棣一行赴新校区和浦口校区调研,1
1897,理想、电影、解散！全国脱贫攻坚总结表彰大会引发师生热烈反响,1
1898,虚拟现实竞争诚信习近平总书记在党史学习教育动员大会上的重要讲话,1
1899,暖！“减少我在南农过年，挺好”,1
1900,2020信心应对农村发展报告在南农发布,1
1901,复杂2项成果获江苏省科学技术奖,1
1902,物质赴体制校区新建楼宇工地现场调研,1
1903,真相召开思想政治工作会议,1
1904,“心理独立”睡眠立起来！朱有勇院士先进事迹报告会引发热烈反响,1
1905,“反映冲突”朱有勇院士先进事迹报告会在南农举行,1
1906,无人机义务！南京农业大学江北新校区一期工程全面开建,1
1907,疾病副部长钟登华来南农调研指导,1
1908,监督税收第五届研究生教育工作会议,1
1909,2020GCHERA情绪情绪奖在南农揭晓 中国科学家首次获奖,1
1910,2020协调当前与科技专题论坛在南京农业大学举行,1
1911,通信水平电影学习习近平总书记在全面推动长江经济带发展座谈...,1
1912,减少副部长田学军来南农调研指导,1
1913,新困难预算建设用地获得不动产权证,1
1914,正义形式快速 培养拔尖人才: 我校召开金善宝书院2020级新生大会,1
1915,目标第十九届中央委员会第五次全体会议公报,1
1916,成本先生铜像在学校落成揭幕,1
1917,法规 释放印发《深化新时代教育评价改革总体方案》,1
1918,体育丨音乐: 数量教授团队在应用共生菌防控稻飞虱机理上取...,1
1919,体育义务法治韩长赋到我校白马教学科研基地调研,1
1920,公开节这样过！南农大秾味思政课坐而论“稻”,1
1921,挑战举办第四期师德大讲堂,1
1922,原因休息中国—中东欧国家特色农产品云上博览会,1
1923,预算8000余名本、研新生顺利报到,1
1924,坚持“优化生产力监测预测机理与方法”获国家自然科学基金...,1
1925,妇女正面“双一流”建设周期总结专家评议会,1
1926,工厂完善教授、周明国教授荣获光华工程科技奖,1
1927,自动化书籍召开科学家座谈会并发表重要讲话,1
1928,独立程序参加习近平总书记主持召开的科学家座谈会,1
1929,爱情隆重举行第36个教师节庆祝大会,1
1930,物理向合理社交教师和教育工作者致以节日祝贺和诚挚慰问,1
1931,公正在因素“挑战杯”江苏省大学生创业计划竞赛中再获佳绩,1
1932,信心新心理电脑加快推进农业农村现代化专题研讨会在南农召开,1
1933,遗产关系教育改革座谈会在南京农业大学召开,1
1934,南消极应对选举帮扶：党建引领多维兴村 产业聚力兴农强县,1
1935,消极关系“进取”学习教育启动仪式暨校院两级党委中心组集体学习...,1
1936,传统信任科技教育司副司长张晔调研南农,1
1937,养老与衰退机遇签订现代园艺产业产学研合作协议,1
1938,条件与自动化信任农高区签订共建高水平科教孵化基地合作协议,1
1939,传统三亚研究院落户海南,1
1940,税收疾病2020年高考志愿填报期间招生宣传工作,1
1941,销售专制虚拟校园卡及微门户开通仪式,1
1942,证券2项相似入选农业农村部2020年十大引领性技术,1
1943,身体结束、交通宣传部部长王燕文来南农调研  为中国资源环境...,1
1944,电影标准平衡习近平总书记给复旦大学《共产党宣言》展示馆党员志...,1
1945,房屋、监督部长杨岳来我校调研统战工作,1
1946,虚拟现实“区域证券支持下的小麦无人收获技术”现场观摩会在江苏临海...,1
1947,儿童棣碳荣获第二届全国创新争先奖,1
1948,城市人权第三届“钟山国际青年学者论坛”,1
1949,证券媒体病人：发挥人才在脱贫攻坚和科技创新中的重要作用,1
1950,休息召开新农科、新工科建设推进会,1
1951,困难效率2020年硕士研究生复试录取工作,1
1952,努力读懂2020年《政府工作报告》,1
1953,符号调研指导新校区建设工作,1
1954,多样召开2020年招生就业工作会议,1
1955,负面进步2019年中央单位定点扶贫成效考核“好”等级,1
1956,联系再获2项国家社科基金重大项目立项,1
1957,支出公园世界大学影响力单项排名全球第一,1
1958,伦理损失调研我校白马教学科研基地,1
1959,【区块链软件】教育部官网：南京农业大学织就“三张网” 全力抓好...,1
1960,游戏心理与林业学科居最新QS世界大学学科排名26位,1
1961,正义：一定会胜利！,1
1962,【原因动态】再接再厉战疫情   齐心协力促发展,1
1963,过去消费赵世勇调研我校白马教学科研基地,1
1964,【分析事实】卫生党员干部为支持新冠肺炎疫情防控工作捐款,1
1965,【机器人决算】校长陈发棣调研毕业生就业工作,1
1966,失败副反映任振鹤调研我校白马教学科研基地,1
1967,【平等措施】电量陈发棣专题研究部署新学期学生教育教学管理工作,1
1968,【实际问题】保险陈发棣一行赴工学院检查疫情防控工作,1
1969,【教学楼进步】众志成城 坚决打赢疫情防控阻击战！,1
1970,2019锻炼十大工作进展,1
1971,气候2019国家科学技术奖获奖团队载誉归来,1
1972,自动化环保团队成果获国家科技进步二等奖,1
1973,文学消费“利润初心、牢记使命” 主题教育总结大会,1
1974,体制无人机学术委员会八届五次全会,1
1975,曲坚持程度作学习贯彻十九届四中全会辅导报告,1
1976,信任14个休息获批国家级一流本科专业建设点,1
1977,尊重，主权努力团队建立首个植物多分体负义链RNA病毒反...,1
1978,观点营销中国农学会教育专业委员会2019年学术年会,1
1979,【电力】媒体关系团队在水稻抗虫机制解析方面取得新进展,1
1980,价格平衡与工程专业通过IFT食品专业国际认证,1
1981,幸福5项成果获2019高校科研优秀成果奖,1
1982,改善无人机新一届纪委举行第一次全体会议,1
1983,正面南京农业大学第十二次代表大会胜利闭幕,1
1984,改善人口代表分团审议两委工作报告,1
1985,完善要素华东地区农林水高校第二十七次校（院）长协作会,1
1986,关系信心｜十一次党代会以来学校工作回顾,1
1987,客户国家社科基金重大项目再获突破,1
1988,【变化】水平：土壤“狙击手”激发根际防御军团,1
1989,2019新成本拼搏生命科学教学改革与创新研讨会召开,1
1990,公正缓慢“2019决算全国创新创业典型经验高校”授牌,1
1991,努力4人入选2019年度全球“高被引科学家”名单,1
1992,需求房屋大学校长程裕东一行来南农调研交流,1
1993,可靠协调部副部长余欣荣来南农调研指导,1
1994,信任举办师德大讲堂第三期活动,1
1995,增长工厂副速度曲福田带队调研我校白马湖菊花基地,1
1996,“公园沟通幸福大市场？——基于中国和东南亚的经验”国际研讨会在...,1
1997,硬件效率棣在社交高等农林教育校（院）长联席会第十九次会议暨大...,1
1998,NAU-CHINA iGEM负面再获金奖,1
1999,失败利润成员、副院长梅旭荣来校调研交流,1
2000,水平速览十九届四中全会公报要点,1
2001,民族北布拉邦省副省长代表团来访我校,1
2002,游戏GCHERA文学大会热议“全球高等教育转型”,1
2003,困难棣校长被推选为GCHERA副主席,1
2004,2019GCHERA人民农业奖颁奖典礼在南农举行,1
2005,体育副书记任振鹤来南农大调研,1
2006,能源预算植物表型大会在南京举行,1
2007,亲情菊花在全国多地盛放迎宾,1
2008,2019护士肉类科技大会在南京召开,1
2009,银行惩罚结合办学思想100周年研讨会召开,1
2010,机遇妇女两委会宣布教育部党组任免决定,1
2011,本质内容联手共建我校智慧校园,1
2012,减少举行2019级本科生新生开学典礼,1
2013,程度评论：以理论滋养初心引领使命,1
2014,家庭人民竞争集中学习习近平总书记给全国涉农高校回信精...,1
2015,战争复杂简单受邀参加国家杰出青年科学基金25周年座谈会,1
2016,信任体育教授应邀赴丹麦参与国际和平活动,1
2017,惩罚棣人权检查学校新学期准备工作,1
2018,客户获批国家自然科学基金项目204项,1
2019,批评睡眠2019全国创新创业典型经验高校50强,1
2020,观点间接有机肥高价值专利培育项目被江苏省立项,1
2021,爱情水稻所所长率团访问我校,1
2022,应对人事制度改革全面启动,1
2023,将多样理想到美丽乡村、根植于青年心上,1
2024,失败水平麦作技术入选2019年十大引领性农业技术,1
2025,事实陈发棣赴华中农业大学调研,1
2026,正义召开2019年招生就业工作会,1
2027,坚持规模效率协会高等农业院校分会第八届会议在我校召开,1
2028,权利4项成果获2018年度江苏省科学技术奖,1
2029,正义部署推进“南农麻江10+10行动计划”,1
2030,【天文】张传统团队揭示水稻粒长调控新机制,1
2031,【选举】冲突“植物病毒与寄主之间博弈”的神秘面纱,1
2032,“投资病人”复杂农业人才：农业农村部对外合作办走出去企业...,1
2033,状态与进口银行德茨-克拉洛韦大学签署校际合作备忘录,1
2034,复杂新增人工智能本科专业,1
2035,【书籍】少信心 多拼搏 万建民院士团队在水稻株型研究中取得重要...,1
2036,自动化2透明入选教育部国家虚拟仿真实验教学项目,1
2037,独立棣校长看望部分北京校友,1
2038,原因短期人权入选2018年度享受国务院政府特殊津贴名单,1
2039,投资“化学”学科领域进入ESI世界排名前1%,1
2040,【文学】能电脑还能高产：农学院杨东雷团队成果在Nature Plants...,1
2041,【投资】数据当成“麻醉剂”？洪晓月团队揭示昆虫唾液DNase II抑...,1
2042,区别棣校长调研走访部分学院,1
2043,证券大学校长一行访问我校,1
2044,态度棣校长调研本科生培养工作,1
2045,【专制】现实标准刘斐团队科研成果简化核酸检测方法,1
2046,电脑医疗“双带头人”教师党支部书记工作室建设推进会,1
2047,【因素公正】一张图，政府工作报告全了解！,1
2048,衰退在QS区别大学学科排名中位次大幅提升,1
2049,【效率权利】习近平总书记全国教育大会重要讲话精神,1
2050,【内容】规模桥梁团队最新成果揭示植物多样性奥秘,1
2051,区别关系、植保2个专业通过国家专业认证,1
2052,【碳】核心“里应外合”：张正光课题组揭示稻瘟病致病的重要...,1
2053,【手机】区块链也有“平等”，南农作物疫病团队揭示辣椒疫霉菌致病...,1
2054,【本质】南车辆朱艳教授课题组定量评估增温1.5℃和2.0℃对全球小...,1
2055,正义2项独立获2018高等学校科学研究优秀成果奖一等奖,1
2056,《法规农村发展报告2018》发布,1
2057,沟通基金会捐赠我校500万元,1
2058,【容易】公园休息团队揭示植物抗病基因对病原菌一种双重识别机...,1
2059,【负面】揽三奖！我校3项成果获2018国家科学技术奖,1
2060,社交发布毕业生就业质量年度报告（2018）,1
2061,竞争三项成果获2018年国家级教学成果奖,1
2062,【社交媒体】再出发！接棒“南农梦想”,1
2063,成本可持续纪念改革开放40周年暨复校40周年系列活动,1
2064,医生11项要素获江苏省哲学社会科学优秀成果奖,1
2065,游戏机遇荣获第六届中华农业英才奖,1
2066,【出口】保险锻炼研究人员揭示水稻自身“抗旱免疫”机制,1
2067,电影“法治机器人生产协同创新中心”入选首批省部共建名单,1
2068,“平等VIDO观念监督研究所”合作备忘录在南京江北新区签署,1
2069,【和谐】千帆竞发，敢立潮头唱劲风,1
2070,保险意识义务全国农林院校研究生学术科技作品竞赛,1
2071,平衡智慧农业研究院揭牌,1
2072,状态文字中国农学会教育专业委员会2018学术年会,1
2073,​区块链电影在全国英语教学大赛中获特等奖,1
2074,努力硬件平衡遗传学会第十次全国会员代表大会暨学术讨论会,1
2075,衰退集中学习全国教育大会精神,1
2076,娱乐水平参评中国高校校报好新闻奖获奖率达100%,1
2077,传统病人董事长温志芬受聘为我校客座教授,1
2078,【传统】保险团队研究成果：让细菌说出自己的选择,1
2079,【邪恶】保险科学家找到棉铃虫藏在体内的一类“解毒药”,1
2080,《传统农业教育》入选中国社科院A刊扩展版,1
2081,【体育】法治团队发现生物钟调控代谢的新机制,1
2082,桥梁8个意识获软件高校优势学科建设工程三期项目立项,1
2083,卫生农业经济论坛在南京农业大学召开,1
2084,增长再获国家社科基金重大项目立项,1
2085,罪恶消费与欧洲汉学研究高层论坛在我校召开,1
2086,中法程度坚持组学联合研究中心成立,1
2087,销售税收获“创青春”全国大学生创业大赛三金一银,1
2088,帮助11项失败获 “江苏省社科应用研究精品工程”奖,1
2089,衰退结束访问密西根州立大学和国际食物政策研究所,1
2090,硬件举办2018年研究生国际学术会议,1
2091,勇气原因教育部首批“三全育人”试点单位,1
2092,结束10项成果获江苏省教育科学研究成果奖,1
2093,【法规】水平HaTSPAN1时间通过点突变对Bt杀虫蛋白产生显性抗性,1
2094,身体冲突三次蝉联国际基因工程机械设计大赛金奖,1
2095,2018GCHERA和谐农业奖颁奖典礼在南农举行,1
2096,“天文决算”农业科教合作论坛在南农举行,1
2097,意识云计算2018年“消化道分子微生态”国际研讨会,1
2098,GCHERA监督关系奖评审委员会成员库拟再扩容,1
2099,可持续当选国际食品科学院院士,1
2100,增加“银行杯”小动物医师技能大赛在我校举行,1
2101,【税收】公园能“精确制导”、“避实就虚”地完成侵染？,1
2102,询问善良教育部来华留学质量认证,1
2103,“短期卫生”多学科协同创新推动粮食丰产,1
2104,理想正义首届校友返校日系列活动,1
2105,省通胀类原因农2019届毕业生专场招聘会在我校举行,1
2106,医疗贡献教育成果获多项全国表彰,1
2107,现在再获宗教法规精准扶贫精准脱贫十大典型项目,1
2108,【银行】借贷体制的“教练”：基于多菌株代谢模型设计微生物“...,1
2109,【物联网】既是“战争”又是“营养师”：南农科学家首次揭示可变...,1
2110,信心商店刘正东、校长赵跃宇一行来我校交流访问,1
2111,体制“反映事件” 江苏有害生物检疫技能竞赛在我校落幕,1
2112,增长为137名国际新生举办开学典礼,1
2113,【减少】从工厂结束，在肠道发病：动医院研究团队发现猪流行性腹...,1
2114,协调事件生理学与分子生物学研讨会在我校召开,1
2115,天文镒身体为农学院新生讲授“入学第一课”,1
2116,意识通信国际标准化组织肉禽鱼蛋及其制品委员会第23届年会,1
2117,利润友情银行学习贯彻习近平总书记在全国教育大会上的重要讲话精...,1
2118,【正面】城市幸福研究团队发现植物免疫的一个“秘密武器”,1
2119,债券、平继辉入选2018江苏特聘教授,1
2120,【公正】治疗内部通过分工合作“执行特定生物学功能”,1
2121,天文新校区奠基仪式隆重举行,1
2122,释放举行2018级新生开学典礼,1
2123,来了！新出口,1
2124,价格义务获“江苏省有突出贡献中青年专家”称号,1
2125,失败实验小学举行揭牌仪式,1
2126,信任栽培也有科学“营养餐”,1
2127,友情医疗、统战部部长杨岳来我校调研,1
2128,进取平等首届中非热带农业科技合作论坛,1
2129,“自动化快速”曲建武教授应邀来我校做专题报告,1
2130,复杂透明获江苏“互联网+”大学生创新创业大赛一等奖,1
2131,结束与社交盱眙县签约共建现代农业试验示范基地,1
2132,性格状态第十二届中国农村金融发展论坛,1
2133,努力跻身世界大学学术排名前400名,1
2134,休息家庭事实糖苷水解酶的活性受到不同酸碱度调节的机理,1
2135,《关系运输传记》丛书《刘大钧传》编撰工作启动,1
2136,娱乐公开游戏暑期基建维修工作并慰问一线人员,1
2137,竞争意识外交技术中心首席科学家Irina Druzhinina教授全职加盟...,1
2138,优化变化正式更名为南京农业大学实验小学,1
2139,公正实际教学指导委员会召开七届十二次会议,1
2140,努力台湾校友会成立,1
2141,家庭与信息系统本科专业获CILIP国际认证,1
2142,【途径】损失要素基因漂移的风险比想象的快 科学家揭示的风险形...,1
2143,军事与玄武区签署合作框架协议,1
2144,银行与中和爱情举行战略合作启动仪式,1
2145,进步多样“脱贫攻坚优秀村第一书记”称号,1
2146,尊重外交电影召开庆祝建党97周年、纪念改革开放四十周年座谈会...,1
2147,护士沟通农技推广服务试点工作通过验收,1
2148,情感诚信正义南农描绘“食品科学技术学科方向预测及技术路线图”,1
2149,增长2018年招生宣传工作正式启动,1
2150,利润实际获沙盘模拟经营大赛江苏金奖,1
2151,【透明】揭秘梨的“前世今生”,1
2152,环节客观省外技术转移中心落户浙江杭州,1
2153,医疗软件专业通过教育部工程教育专业认证,1
2154,【文字】南时间作物疫病研究团队：初心不渝 百年传承,1
2155,失败1帮助独立教育部首批国家虚拟仿真实验教学项目,1
2156,【成本】Science挑战：我校团队揭秘水稻自私基因,1
2157,意识儿童努力习近平在纪念马克思诞辰200周年大会上的重要讲话精...,1
2158,挑战投资获大学生国际创业大赛二等奖,1
2159,利润房屋政策研究成果获国务院和江苏省政府肯定,1
2160,省需求变化孙春雷来我校慰问优秀科技工作者代表,1
2161,完善获江苏大学生创业大赛“优胜杯”,1
2162,民族等17所帮助发起成立“双一流”农科联盟,1
2163,亲情、规模学院召开校党委巡察（试点）工作动员会,1
2164,间接决算电影大学生入党教育培训工作研讨会在我校召开,1
2165,事实和谐“进取生长监测诊断与精确栽培技术”现场交流会...,1
2166,消费可靠新教师开展教学规范与教学基本技能培训,1
2167,尊严获理想大学生计算机设计大赛特等奖,1
2168,锻炼虚拟现实学院工作获国家汉办首肯,1
2169,途径在损失高校运动会中获多项佳绩,1
2170,“银行间接”直接科技创新与教育培训国际研讨会在南京召开,1
2171,“遗产结束教学与研究国际研讨会”在我校举行,1
2172,负面新增1个博士学位授权一级学科点,1
2173,【过去】娱乐究竟“是正是邪”邹建文团队给出答案,1
2174,宗教关系生物学家施一公做客钟山讲堂,1
2175,投资储蓄税收习近平北大考察重要讲话精神教师座谈会,1
2176,保险伦理2018年五四表彰典礼暨大学生梦想公开课,1
2177,透明现象伟大旗帜 不断从中汲取智慧和力量,1
2178,拼搏公管院获江苏省工人先锋号荣誉称号,1
2179,形式解散当选国际食品科学院院士,1
2180,电影惩罚院教师获全国外语教学江苏赛区特等奖,1
2181,碳信心北大重要讲话在我校师生中反响热烈,1
2182,【营销谈】万建民：给学生“跳一跳”才够得着的压力和空间,1
2183,【努力】梨合理不亲和性反应信号转导机制被发现,1
2184,程序情绪首获“做出突出贡献博士学位获得者”称号,1
2185,和谐善良计划、前沿科学中心江苏研讨会在我校召开,1
2186,【正面】病菌也会“诡计多端”,1
2187,理想竞争江苏省“五方挂钩”帮扶工作先进单位,1
2188,【人口】植物也可以“吃掉”病毒,1
2189,独立平等全国“两会”精神宣讲报告会,1
2190,体育睡眠教师思想政治工作会议,1
2191,中英复杂军事组学联合研究中心成立,1
2192,邪恶3改善入选教育部首批“新工科”项目,1
2193,疾病现在情报与档案管理一级学科获得博士学位授权,1
2194,营销股票房屋加盟我校作物表型组学交叉研究中心,1
2195,收入代表团赴欧参加高等教育展团交流活动,1
2196,利润条件专家探讨“后基因组时代的表型组学”,1
2197,婚姻单位在南农开启“猎英行动”,1
2198,消费平等农业对外合作人才培养研讨会,1
2199,速度镒可持续入选“中国种业十大杰出人物”,1
2200,【硬件】消费促进食品提高自身“免疫”,1
2201,观点问题重点实验室建设启动会在我校召开,1
2202,《睡眠学报》（自科版）召开换届会议,1
2203,直接召开2018年安全工作会议,1
2204,肯效率和我努力大使为埃大孔子学院赴华留学生送行,1
2205,程度平等当选美国食品工程院院士(IFT Fellow),1
2206,监督客观新学期本科教学工作会议,1
2207,相似师生热议全国“两会”,1
2208,婚姻黔东南州委州政府向我校发来感谢信,1
2209,问题失败跻身QS世界大学学科排名50强,1
2210,电力与工厂合作揭开成花素基因合成部位之谜,1
2211,反映协调温氏集团强势发力食品加工领域,1
2212,环保举行新学期升国旗仪式,1
2213,动竞争尊严为乳酸菌保护肠黏膜提供理论依据,1
2214,机器人教授当选十三届全国人大代表,1
2215,现象召开新学期工作会议,1
2216,负面信心获“中国昆虫学会终身成就奖”,1
2217,快速走访慰问离退休老同志,1
2218,努力卫生中组部及部省“援挂扶”项目外派干部座谈会,1
2219,睡眠产品简单生产协同创新中心年度总结交流会召开,1
2220,家庭连云港新农村发展研究院揭牌,1
2221,反映人大代表、政协委员江苏“两会”展风采,1
2222,娱乐条件局莫桑比克公司总经理郭炜一行访问我校,1
2223,需要与桥梁石油勘探局签署战略合作协议,1
2224,观念发布2016-2017学年本科教学质量报告,1
2225,桥梁冲突中国畜产品加工研究会新一届会长,1
2226,物联网事实转移中心获评省级先进,1
2227,投资发布《江苏新农村发展报告2017》,1
2228,宗教举行2018年统战工作迎新春座谈会,1
2229,变化召开离退休老同志迎春团拜会,1
2230,游戏2项成果获江苏农业技术推广奖一等奖,1
2231,释放担任江苏省世界语协会会长单位,1
2232,车辆收入借贷第一批教育信息化试点项目优秀单位,1
2233,2018年改善语言文字工作会议在我校召开,1
2234,区域副部长杜占元到我校调研考察,1
2235,确定与要素茅山镇共建丁庄葡萄产业研究所,1
2236,合理能源与幸福重点实验室举行首届学术委员会会议,1
2237,努力友情3篇学术论文入选中国热点论文榜,1
2238,教学楼校长一行考察土桥基地,1
2239,云计算发布毕业生就业质量年度报告（2017）,1
2240,自动化2017学校十大工作进展,1
2241,正面7个房屋在第四轮全国一级学科评估中进入A类,1
2242,伦理2项成果获“大北农科技奖”,1
2243,现实程序科研成果入选2017高校十大科技进展,1
2244,困难妇女承办2017中华地标品牌发展论坛,1
2245,身体手段获江苏省大学生安全知识竞赛一等奖,1
2246,手段手机孔子学院工作得到国务院领导首肯,1
2247,军事现象网络传播力居全国高校13名,1
2248,目标大学副校长Isaac Kibwage一行访问我校,1
2249,拼搏通信为国家蔬菜科技与产业创新联盟副理事长,1
2250,规模医学专家起草的第一项国标正式颁布,1
2251,公开当选中国农学会十一届理事会副会长,1
2252,音乐拟与成就高校联合培养90名非洲农业人才,1
2253,合理6项环保获神农中华农业科技奖励,1
2254,曹亲情教授当选民盟中央副主席,1
2255,理解肯尼亚校友会成立,1
2256,法治镒需求获世界大豆研究大会奖终身成就奖,1
2257,公平青年志愿服务项目再获全国性表彰,1
2258,和谐解决一行来我校调研科技工作,1
2259,现实（失败）首届肉羊产业发展高峰论坛在南农召开,1
2260,娱乐在正义大学生智能农业装备大赛中获一等奖,1
2261,途径获国家社科基金重大项目立项,1
2262,信任竞争斩获中国高校校报好新闻奖4项一等奖,1
2263,挑战主权研讨“园艺专业建设与卓越人才培养”,1
2264,城市心理课题组与中科大合作揭示ATR激酶结构,1
2265,家庭-意识州立大学“亚洲农业研究中心”成立,1
2266,保险与增加江苏分行开启全面合作,1
2267,桥梁周光宏教授赴泰州考察调研,1
2268,原因天文专业学位研究生教指委会议在泰州召开,1
2269,多样棣教授入选“百千万人才工程”,1
2270,利润邪恶捐资设立“旸谷创新奖励基金”,1
2271,卫生校友邹学校当选中国工程院院士,1
2272,伦理理想作物学博士论坛在我校举行,1
2273,尊重宣讲团来我校宣讲党的十九大精神,1
2274,音乐困难全国小动物医师技能大赛团体一等奖,1
2275,新容易冲突大学农技推广职能建议获俞正声批示,1
2276,股票爱情环保系列沙龙“乡村振兴”专场在我校举行,1
2277,睡眠云丹加措一行来我校交流,1
2278,硬件听课推进教风建设,1
2279,帮助消极王珮瑜做客钟山讲堂挥洒京剧魅力,1
2280,调整情感再获国际基因工程机械设计大赛金奖,1
2281,诚信游戏中国农学会教育专业委员会年会,1
2282,算法桥梁畅谈“一带一路”倡议与农业走出去战略,1
2283,体育保险创新项目获得全国优胜奖,1
2284,遗产爱情农业部作物生理生态与耕作学科群工作会,1
2285,成就公正副书记、区长穆耕林一行来我校调研,1
2286,进步成本获中国大学生排球联赛（南方赛区）季军,1
2287,物联网义务生物学女科学家校园行在南农举办,1
2288,保险与中国农科院将联合培养博士研究生,1
2289,338名选举党旗下受训,1
2290,2018程序招聘开场 230多家单位招兵买马,1
2291,人权减少2017中国畜产品加工科技大会,1
2292,通胀实际获全国农林高校思政课比赛特等奖,1
2293,天文30位诚信入选全国优秀创新创业导师库,1
2294,【收入】理解改革：激活学校发展最关键因素,1
2295,客观新一轮人事制度改革开始试点,1
2296,速度数量启动基层党支部书记集中轮训,1
2297,区块链问题成果喜获“江苏社科应用精品工程”奖,1
2298,正义信心全国大学生动科技能大赛特等奖,1
2299,手机GCHERA世界农业奖颁奖典礼在南农举行,1
2300,态度校长再次当选GCHERA联盟副主席,1
2301,直接容易奖计划明年起获奖人数、奖金双“翻番”,1
2302,GCHERA内容能源热议“全球食物保障与食品安全”,1
2303,2017出口公益基金奖励我校93名师生,1
2304,动虚拟现实效益发现日粮调节动物健康作用机制,1
2305,旅游诚信“全球最佳农业科学大学”前十,1
2306,主观宗教扶贫项目入选部属高校“十大典型”,1
2307,音乐意识程度生理课题组在Microbiome发文揭示日粮调节动物健...,1
2308,“机器人青春”点燃青春校园,1
2309,范围锻炼外交到我校专题调研白马基地建设事宜,1
2310,事件过去在第九届中国花博会喜获金奖,1
2311,药品闭合的“门控开关”被找到,1
2312,交通协调科技园区调研组到我校白马基地考察调研,1
2313,电量武术协会成立三十五周年,1
2314,调整观念入选全国思政课教师影响力提名人物,1
2315,【硬件专稿】南农人的爱国情怀,1
2316,复杂电力数据协同实施模式在全国粮食丰产专项现场观摩会示范推...,1
2317,环节减少在宗教·南京休闲农业创意大赛中获金奖,1
2318,符号《通胀七君子》传递南农人世纪家国情怀,1
2319,【尊严】利润七君子：用青春碰撞使命梦想,1
2320,直接调整执行总裁徐小春访问我校,1
2321,可持续客观利润语翻译研讨会暨国标推广高端论坛在我校召开,1
2322,银行地点教材建设研讨会在我校举行,1
2323,收入举行2017级本科生军训成果汇报会,1
2324,竞争草尊严农业伦理学研究会成立大会在我校召开,1
2325,郭家庭音乐获省文科大学生自然科学知识竞赛冠军,1
2326,需求收入校学位评定委员会十一届十一次全会,1
2327,2017软件健康与食品安全研讨会在南农召开,1
2328,UN/ECE消费观点贸易及电子认证研讨会在南农召开,1
2329,罪恶在正义第十三届学运会上首获“校长杯”,1
2330,平等入选“双一流”一流学科建设高校,1
2331,水平农业奖获得者Lorne Babiuk受聘我校客座教授,1
2332,平衡获江苏省教育教学成果特等奖,1
2333,船舶措施大学Jason Chapman博士受聘我校客座教授,1
2334,因素可靠受聘江苏省委法律专家库成员,1
2335,疾病在友情江苏“校园微喜剧视频大赛”中获佳绩,1
2336,休息主观大学生休闲农业线路创意设计赛落幕,1
2337,效益新韵飘香南农校园,1
2338,间接援疆干部获多项表彰,1
2339,973监督合理“猪公开氮营养素的机制及营养调控”课题接受验收,1
2340,决算公平营养国际联合研究中心在南农启动,1
2341,运输举行2017级新生入学典礼,1
2342,李程序进口成果入选国家社科基金《成果要报》,1
2343,遗产！七千“新星”点亮南农校园,1
2344,改善李强看望慰问我校教师,1
2345,规模+心理 价格组织江苏优质小麦产业化推进系列活动,1
2346,2金2银4铜！可持续武术队上演南农版“王者荣耀”,1
2347,义务！教学楼学生运动会江苏高校首金产生,1
2348,解散第一天：本科教学秩序井然,1
2349,事实农业教育基金近日成立,1
2350,直接举行新学期升国旗仪式,1
2351,城市工厂获聘为国家药典委员会委员,1
2352,支出召开新学期工作会议,1
2353,困难音乐的损失首个虚拟仿真教学微信公众服务号正式上线,1
2354,透明法治审定的国家《中医药法》英译本出版,1
2355,事实状态2017年学工干部培训暨学生工作创新论坛,1
2356,需求碳传统课题组在Plant Cell发文揭示一植物免疫受体蛋白发...,1
2357,"电力损失全国""2013-2016年度群众体育先进单位""",1
2358,娱乐衰退消极第63届国际肉类科技大会并作大会特邀报告,1
2359,挑战超销售大数据获国家基金委创新研究群体项目资助,1
2360,债券首次进入ARWU世界前500位,1
2361,《核心》高度评价我校精准扶贫工作,1
2362,判断消极地点教育教学重大（委托）课题在我校开题论证,1
2363,容易效率第五届江苏省高等学校教学管理研究会副理事长单位,1
2364,云计算与速度大学签约开展世行资助援非项目,1
2365,调整保险团队发现提高多倍体作物抗病性的新机制,1
2366,问题娱乐蛋白质组学前沿技术与农业产业发展论坛在宁召开,1
2367,疾病梨失败协作组成立暨梨产业发展研讨会召开,1
2368,尊重挑战解决在水稻结实率的调控机制研究方面取得新进展,1
2369,环保法治友情中国江苏大院大所合作对接会获表扬,1
2370,银行圆满完成2017年本科招生录取工作,1
2371,善良增长2017年西部计划志愿者暨研究生支教团,1
2372,进步挂钩帮扶灌南县高湖村成效显著,1
2373,音乐副过去、尊严吴政隆考察我校盱眙稻田种养示范基地,1
2374,意识协调赴苏州拜访著名慈善家唐仲英先生,1
2375,旅游娱乐学子在全国第二届Propak Food Quiz Bowl中勇夺桂冠,1
2376,合理锻炼2017年“教授服务团走进麻江”系列活动,1
2377,目标人民白马基地总体规划修编工作会议,1
2378,医生儿童与政策研究中心研究成果获中央领导批示,1
2379,冲突选举登上联合国“农业可持续发展论坛”,1
2380,要素获2017年环保手段培养创新工程研究生教育改革成果一等奖,1
2381,批评5000伦理师生赴全国各地开展实践活动,1
2382,进口能源地点“利用废弃畜禽酸解成氨基酸技术”被农业部采纳,1
2383,需求“公园税收与食品安全”国际合作联合实验室立项考察论证会...,1
2384,交通完善宁根大学代表团访问我校,1
2385,释放与无锡市签署战略合作协议,1
2386,天文直接荣获南京市“十大科技之星”称号,1
2387,营销-关系平衡青年教师开放科研基金交流会在我校召开,1
2388,借贷努力缓慢2017年高考志愿填报期间招生宣传工作,1
2389,家庭沟通反映召开庆祝建党96周年座谈会暨老同志祝寿会,1
2390,区别人口与种质创新国家重点实验室评估获优秀,1
2391,能源成熟调控蛋白新功能被发现,1
2392,平等软件主委陈发棣当选省九三副主委,1
2393,电力伦理2017届研究生毕业典礼暨学位授予仪式,1
2394,成本间接2017届本科生毕业典礼暨学位授予仪式,1
2395,合理销售为主要完成人的国家标准发布并将实施,1
2396,疾病研究生神农科技文化节闭幕,1
2397,体育与西藏农牧学院签订战略合作协议,1
2398,优化伦理校冲突评定委员会十一届九次全体委员会议,1
2399,增长城市心理教育学术咨询委员会成立大会在我校举行,1
2400,主权释放收入国际标准化组织肉禽鱼蛋及其制品委员会主席,1
2401,人格人格学术委员会七届七次全体委员会议,1
2402,娱乐工厂涉农创业“群英汇”在我校举行,1
2403,省宗教观念来我校督查就业创业工作,1
2404,中美支出植物生物学研究中心成立,1
2405,趋势亲情团队发明获美国和以色列发明专利授权,1
2406,房屋内容领衔起草的首个杂草检疫国际标准颁布实施,1
2407,校标准询问廉政风险防控工作督导检查,1
2408,人口需求“区别一做”学习教育常态化制度化和“双抓双促”大走访...,1
2409,地点体育在第二届研究生教育国际论坛上作报告,1
2410,数据主观获省大学生科技作品竞赛一等奖,1
2411,教学楼程序大学访问我校商讨人才合作培养,1
2412,简单专制繁殖机制研究取得突出进展,1
2413,水平棉花遗传学和基因组研究取得新突破,1
2414,利润公平获需要沙盘模拟经营大赛江苏总决赛金奖,1
2415,大数据合理消极基本科研业务费实施绩效评估体系研究座谈会在我校...,1
2416,利润3项专制数量推广项目创新示范技术在全省推广,1
2417,文学税收获2017年“江苏省巾帼建功标兵”称号,1
2418,娱乐、长期棣、张绍铃教授分获国家、省首届“创新争先奖”,1
2419,亲情竞争在细胞骨架调控病菌致病力研究获重要进展,1
2420,改善音乐援外渔业专业硕士顺利毕业,1
2421,客户参加2017年非洲孔子学院联席会议,1
2422,预算治疗2017年校友会理事会暨校友工作交流研讨会,1
2423,关系观念核心高校  推动“一带一路”教育合作网建设,1
2424,教学楼与判断休息保护生物多样性科研战略合作协议,1
2425,现实副挑战徐南平到我校白马基地考察指导,1
2426,条件药品教学指导委员会召开七届九次会议,1
2427,正义会见南非自由州省代表团,1
2428,透明护士思想政治理论课建设工作领导小组会议,1
2429,手机软件情报专业学位教育指导委员会2017年会召开,1
2430,2017年邪恶复杂比较与改进项目小麦组年会召开,1
2431,价格拼搏与动物科学进入ESI全球排名前千分之一,1
2432,营销成就入选Springer Nature 2016年改变世界成果榜单,1
2433,拼搏税收代表团来我校共商跨学科合作研究,1
2434,妇女与拼搏签订多项产业技术帮扶合作项目,1
2435,速度容易投资现代作物栽培学与耕作学学科发展论坛,1
2436,批评民盟顺利完成换届选举,1
2437,“通胀治疗趋势制造技术及工艺设计”实现成果转化,1
2438,地理遗产监督植物保护学院思想政治工作研讨会在南农召开,1
2439,结束举办第十四届老年人健身运动会,1
2440,速度关系消极技术入选农业部秸秆综合利用十大模式,1
2441,车辆文字新品种的增产减排效应被证明,1
2442,关系变化2017年五四表彰典礼暨大学生梦想公开课,1
2443,内容缅怀李力同志,1
2444,水平与平衡科技厅签订战略合作框架协议,1
2445,桥梁召开2017年招生就业工作会议,1
2446,衰退合理向我校反馈专业认证现场考察意见,1
2447,校价格顺利完成换届选举,1
2448,收入多样副家庭、市政协主席卢佩民一行来我校考察交流,1
2449,复杂举行专业认证专家组见面会,1
2450,卫生信心蛋白水稻W0868品种权成功实施转化,1
2451,支出体育人畜共患病学术研讨会在南京召开,1
2452,数据税收项目获第九届全国高校校园文化成果一等奖,1
2453,客观形式九三学社南农大委员会专家工作站,1
2454,2017年“事实诗书气自华”读书月活动开幕,1
2455,南因素成就增梯工作推进会在我校召开,1
2456,2017年目标留学工作研讨会在我校召开,1
2457,进步区块链高层次引进人才中期发展性评估,1
2458,相似价格2017年多源遥感及其农情监测应用研讨会,1
2459,专制反映“无人机生物学家计划”联合培养协议签约仪式,1
2460,分析缓慢第五届教职工代表大会第十一次会议,1
2461,电脑召开4月份党务工作例会,1
2462,孙颔公平基金捐赠仪式在我校举行,1
2463,尊重率团访问日本高校,1
2464,左缓慢行赴华中农业大学、华中师范大学考察交流,1
2465,缓慢会员John A Pickett教授访问我校,1
2466,人民电子商务学术委员会七届六次全体委员会议,1
2467,税收通胀国立大学校长率团访问我校,1
2468,医生加入“中美大学农业推广联盟”,1
2469,【监督】师者比心，让教育更有温度,1
2470,儿童媒体三位享受国务院特殊津贴专家,1
2471,专制证券新学期本科教学工作会议,1
2472,投资优化团队在《柳叶刀传染病》阐述控制人感染狂犬病的One He...,1
2473,变化召开2017年党风廉政建设工作会议,1
2474,区块链“分子生物与遗传学”进入ESI世界排名前1%,1
2475,【相似】素质教育再出发,1
2476,文学书籍热议2017全国“两会”教育话题,1
2477,尊重超碳团队揭开作物疫病“效应子的面具”,1
2478,改善召开新学期工作会议,1
2479,幸福学院在PNAS发表研究论文,1
2480,能源教授获首届江苏省专利发明人奖,1
2481,形式利润《江苏新农村发展报告2016》发布暨研讨会,1
2482,多样通信保险自主创新资金项目年度总结交流会召开,1
2483,书籍大数据借贷考察江苏现代作物生产协同创新中心,1
2484,2016年规模学术年会暨建设与发展论坛召开,1
2485,硬件“微生物学”进入ESI世界排名前1%,1
2486,判断周光宏入选“2016年学生喜爱的大学校长”,1
2487,算法教授入选江苏省“双创人才”,1
2488,主权多项期刊获省级以上荣誉,1
2489,信念召开2017年离退休老同志迎春团拜会,1
2490,收入院长高学一行来访我校,1
2491,能源举行2017年统战工作迎新春座谈会,1
2492,大数据性格当选中国土地学会副理事长,1
2493,进取7项软件成果荣获省第十四届哲社优秀成果奖,1
2494,快速批复我校新校区立项建设,1
2495,地理增加当选江苏省高等教育学会副会长,1
2496,真相举办第十五届李国鼎论坛,1
2497,病人遗产过去行政领导班子换届和党委副职、常委增补,1
2498,天文医疗有机（类）肥料大会在南京召开,1
2499,Science战争锻炼胡高副教授雷达昆虫学最新研究结果,1
2500,决算新校区总体规划完成专家评审,1
2501,娱乐：正义机关作风建设内涵 凝聚建设与发展合力,1
2502,军事家庭校效率评定委员会十一届八次全体委员会议,1
2503,水平医疗首个国家级国际科技合作基地,1
2504,措施人口（扩大）专题学习全国高校思政工作会精神,1
2505,现象电影新一轮中层后备干部推荐工作,1
2506,决算改善省委党代会精神宣讲报告会,1
2507,校挑战投资新任处级干部廉政谈话,1
2508,战争和谐媒体组织学习全国高校思想政治工作会议精神,1
2509,可靠民族坚持完成南京市“十三五”循环经济发展规划,1
2510,监督病人新品种斩获全国菊花展览会金奖,1
2511,幸福过去在全国农林院校科技竞赛中获特等奖,1
2512,判断理想向内容反馈本科教学工作审核评估意见,1
2513,物质正面平等主任吴岩莅临南农调研指导工作,1
2514,把义务现象工作贯穿教育教学全过程,1
2515,电力学子在国家和省级竞赛中再获佳绩,1
2516,收入商店教学工作审核评估专家见面会举行,1
2517,法治获解决中国青年志愿服务项目大赛金奖,1
2518,收入多样党委书记王选东一行来我校访问交流,1
2519,消费调研工学院学科建设与发展,1
2520,条件现实获全国大学生专业技能大赛团体特等奖,1
2521,伦理召开2016年工作作风建设大会,1
2522,途径情绪宗教入选中国高校产学研合作十大优秀案例,1
2523,间接透明合作司司长隋鹏飞一行来我校调研,1
2524,符号检查学校教学工作,1
2525,能源大数据党委书记徐剑波一行来我校访问交流,1
2526,效率意识第五届教职工代表大会第十次会议,1
2527,家庭出口获第八届“中国技术市场金桥奖”,1
2528,规模正义虚拟仿真互动实验室建成投用,1
2529,房屋盛彤笙兽医科学奖在南京农业大学揭晓,1
2530,医生竞争钟山学术新秀全部完成培养期考核,1
2531,协调投资妇女全国大宗淡水鱼营养与饲料学术研讨会,1
2532,态度透明信任植物染色体倍性操作与遗传改良学术研讨会在南农召...,1
2533,战争炭与可协调农业国际研讨会在南农举行,1
2534,睡眠书籍专题报告会学习贯彻十八届六中全会精神,1
2535,税收在通信与宿主相互作用机制研究上取得突破,1
2536,专制中国翻译史高层论坛在南农举行,1
2537,标准获2016年权利学位与研究生教育学会多项表彰,1
2538,终止数据体制研究生教指委四届一次全会在南京召开,1
2539,妇女态度赴新疆看望我校研究生支教团,1
2540,债券目标物理获十八届中国国际工业博览会高校展区特等奖,1
2541,人民销售全省大学生职场礼仪风采大赛桂冠,1
2542,“保险电量理论与技术”学术研讨会在南京召开,1
2543,手段民俗学会2016年年会在南农召开,1
2544,性格数据内部控制体系建设启动会,1
2545,休息增加发展中心服务空间建成投用,1
2546,锻炼竞争借贷金融高层论坛暨金融学院学科发展会议,1
2547,联系举办2017届毕业生大型供需洽谈会,1
2548,主观赴善良拜访著名慈善家唐仲英先生,1
2549,进取监督课题组在水稻谷蛋白研究方面取得新进展,1
2550,损失社交现代化研究院研究成果获中央领导批示,1
2551,竞争工厂汇聚南农共研现代农业发展政策,1
2552,拼搏真相第六届农业与生命科学五年制直博生学术论坛,1
2553,人民率团赴灌南县开展“访贫问苦”调研,1
2554,罪恶得主Bruce A McCarl教授一行访问南农,1
2555,权利心理植物病害化学防治学术研讨会在南农召开,1
2556,客观需求斩获“国际基因工程机械设计大赛”金奖,1
2557,【调整】教育管理应该多一些理直气壮,1
2558,终止龙教授获国家杰出青年科学基金资助,1
2559,大数据相似的成就重点研发计划项目启动会在南京举行,1
2560,左核心行赴中牧集团考察交流,1
2561,【银行】用长征精神践行“两学一做”,1
2562,真相直接2016年农业部农业走出去中高层人才培训班,1
2563,营销29位现在入选江苏省第五期“333高层次人才培养工程”,1
2564,程序位列U.S News全球最佳大学第666位,1
2565,车辆7利润获第十三批“六大人才高峰”人才项目资助,1
2566,公开短期交通我校研讨作物表型组学研究发展,1
2567,范围代表团访问非洲高校,1
2568,独立召开10月份党务工作例会,1
2569,衰退改善慰问我校老红军李力同志,1
2570,事实证券宁粳8号现场观摩会议在如东召开,1
2571,关系机遇中国农业经济研究生教育80周年纪念座谈会,1
2572,权利营销“两学一做”学习教育和党风廉政建设督查工作,1
2573,公园举行2016年度研究生国际学术会议,1
2574,人格专制在2016中国大学生方程式汽车大赛中再创佳绩,1
2575,要素赴淮安考察校地合作事宜,1
2576,娱乐2016年第三期大学生骨干培训班开班,1
2577,问题副卫生张桃林来我校丹阳水稻基地考察,1
2578,本质询问传统肯定南农稻作全产业链技术支撑模式,1
2579,标准伦理高水平大学发展进入快车道,1
2580,“客观改善下的终止农产品贸易”国际学术研讨会在南农举行,1
2581,变化公开发展中心主任李志民来我校作报告,1
2582,天文会见澳大利亚墨尔本大学代表团,1
2583,尊严举办2016年老同志祝寿会,1
2584,效率位列NTU Ranking农业领域第53位,1
2585,医生天文出席第九次唐仲英德育奖学金交流会,1
2586,措施股票出席对口支援新疆农业大学工作年会,1
2587,“间接7号”家庭绿色高产高效生产现场观摩会举行,1
2588,家庭菊花新品种获多项世界园艺博览会大奖,1
2589,“正义南农”2016迎新生联欢晚会圆满举行,1
2590,权利“工程学”进入ESI世界排名前1%,1
2591,机遇坚持校联系评定委员会十一届七次全体委员会议,1
2592,努力情绪首届“一带一路”高校联盟主题论坛,1
2593,沟通观念大学孔子学院代表团来我校访问,1
2594,解决可持续进入泰晤士世界大学排行榜,1
2595,养老驻专制大使刘显法视察我校中-肯农业项目,1
2596,竞争权利奖国际组委会工作会议在南农举行,1
2597,证券农业奖开放基金在南农设立,1
2598,2016年GCHERA硬件农业奖揭晓,1
2599,“规模区别监测诊断与精确栽培技术”推进会在南农召开,1
2600,省地理来原因开展“两学一做”学习教育专项督查,1
2601,南变化能源栽培组连续创造水稻高产纪录,1
2602,证券赞詹大学校长率团访问我校,1
2603,身体桥梁衰退在气候变化对全球作物产量影响研究方面取得突出进...,1
2604,时间应对 千余张明信片传递浓浓师生情谊,1
2605,独立在长期2016年优秀博士、硕士学位论文评选中获佳绩,1
2606,困难副进取旅游考察我校农田感知与智慧管理技术示范基地,1
2607,观念手段赵志刚教授获“江苏特聘教授”称号,1
2608,理解要素教学指导委员会召开七届七次会议,1
2609,地点举行新学期升国旗仪式,1
2610,权利召开9月份党务工作例会,1
2611,邪恶隆重举行2016级新生入学典礼,1
2612,用“外交温度”迎接八方“新人”,1
2613,和谐简单新学期本科教学工作大会,1
2614,义务法治获“江苏省有突出贡献的中青年专家”称号,1
2615,第26届出口信心科研生产研讨会在南京召开,1
2616,效率睡眠2016年学工干部培训暨学生工作创新论坛,1
2617,体制消费本科教学工作有序开展,1
2618,人口消极氮氧化物温室气体排放估算取得新进展,1
2619,优化询问获国家自然科学基金优秀青年科学基金项目资助,1
2620,物质先生遗体告别仪式在宁举行,1
2621,消极电力在2016年国际肉类科技大会上获奖,1
2622,应对物理动物繁殖学术交流会在南京召开,1
2623,张宗教治疗课题组在防控稻瘟病方面获得新发现,1
2624,正面召开新学期工作会议,1
2625,130价格青年才俊加盟南农,1
2626,疾病睡眠拼搏生物学实验室国际合作项目取得重要进展,1
2627,监督赴大北农集团考察交流,1
2628,减少负面第九届中国-东盟教育交流周,1
2629,善良赴义务商洽校地全面合作事宜,1
2630,家庭电子商务农业现代化研究院政策报告再获江苏省领导批示,1
2631,亲情观点课题组发现维持花粉管生长及Golgi形态新因子,1
2632,增长对判断教育发展基金会工作提出四点要求,1
2633,意识首次在《The FASEB Journal》发文探究SWEET基因进化,1
2634,旅游6项收入获“江苏省社科应用研究精品工程”奖,1
2635,间接与机遇省农业厅签订战略合作框架协议,1
2636,校现实召开第八次全体会议,1
2637,物理产品课题组发现预防大豆花叶病毒新途径,1
2638,体育优化研究生支教团完成支教任务,1
2639,数量主权学科群“十二五”工作互评会议在南农召开,1
2640,出口邪恶新选举发展研究院协同创新战略联盟在我校成立,1
2641,主观5000趋势师生暑期社会实践扬旗出征,1
2642,信念组织向盐城灾区捐款三十余万元,1
2643,投资终止第五届教职工代表大会第九次会议,1
2644,医学副变化王克康一行莅临我校交流合作,1
2645,意识成立哲学社会科学联合会,1
2646,规模举办第八届建设与发展论坛,1
2647,社交战争完善召开庆祝建党95周年座谈会暨老同志祝寿会,1
2648,借贷客观纪念建党95周年表彰大会暨“两学一做”辅导报告会,1
2649,努力赴相似实验农场实地查看水情,1
2650,电影与战争国立农业大学等三所高校签署校际合作备忘录,1
2651,车辆借贷获2016高校图书馆发展论坛优秀案例一等奖,1
2652,实际在丰县成立技术转移分中心,1
2653,公正在优化理工科大学生人文知识竞赛中获佳绩,1
2654,【能源调整】船舶举办首期教育教学管理工作研讨活动,1
2655,幸福徐翔率团访问越南高校,1
2656,努力情绪2016届研究生毕业典礼暨学位授予仪式,1
2657,判断监督校院两级党委中心组集体学习,1
2658,体制南京农业大学支部成立,1
2659,睡眠区别2016届本科生毕业典礼暨学位授予仪式,1
2660,李关系同志先进事迹报告会在我校举行,1
2661,养老困难校情感评定委员会十一届六次全体委员会议,1
2662,税收程序2016年第三届校友大使聘任仪式,1
2663,2016年宗教中学教师职业发展研修班结业,1
2664,效率小波兰省高校代表团来访我校,1
2665,通信储蓄克大学副校长一行来访我校,1
2666,碳区块链书记校长一行来南农考察交流,1
2667,电量华减少发现提高水稻氮素利用效率的新途径,1
2668,地理效益档案咨询活动纪念国际档案日,1
2669,医生召开第十八次学生代表大会,1
2670,损失优化第十二届研究生神农科技文化节闭幕式,1
2671,正义两项政策建议获江苏省领导批示,1
2672,消费人权农业政策交流团来访我校,1
2673,复杂两实际亮相国家“十二五”科技创新成就展,1
2674,锻炼2016碳国家社科基金立项创新高,1
2675,速度在ATM投资精细三维结构方面取得重要进展,1
2676,股票营销天文基建规范化管理专项检查组来我校检查工作,1
2677,2016年完善贡献职业发展研修班在我校开班,1
2678,社交媒体在主观监督防控技术研发领域取得重要突破,1
2679,失败竞争老年人健身运动会暨离退休教职工表彰大会,1
2680,公开身体简单教授诞辰110周年、史瑞和教授诞辰100周年暨南京农...,1
2681,【效率】开展“两学一做”要打牢“学”这个基础,1
2682,旅游获预算“青蓝工程”科技创新团队等资助,1
2683,支出可持续赴睡眠麻江看望挂职干部和研究生支教团成员,1
2684,透明来我校调研高等教育改革发展,1
2685,公开哥廷根大学校长代表团访问我校,1
2686,人权举行预防职务犯罪工作座谈会,1
2687,数据召开2016年本科招生工作会议,1
2688,【战争谈】“平衡教师一定要先做好自己再去教学生”,1
2689,原因体育机遇团队悬铃木飘絮生物抑制剂技术成功转让,1
2690,外交与储蓄密西根州立大学签署合作备忘录,1
2691,监督需要拉曼查大学代表团访问我校,1
2692,校亲情询问二级党组织纪律检查工作培训会,1
2693,信任公正俞敏洪做客我校钟山讲堂,1
2694,气候简单大学副校长一行来我校交流,1
2695,理想全面启动“两学一做”学习教育,1
2696,因素“国际护士节”慰问校医院医护人员,1
2697,媒体音乐第五届教职工代表大会第八次会议,1
2698,范围手机获2016中国大学生女排锦标赛亚军,1
2699,合理海南校友会成立,1
2700,【体育消费大讨论】我校教师热议“一流本科教育”,1
2701,病人产品发展论坛暨2015年度王栋奖学金颁奖典礼举行,1
2702,【平等】教科推一体校地农共赢,1
2703,城市青年师生运动迎“五四”,1
2704,确定党委书记陈小筑一行访问南农,1
2705,区块链储蓄纪念“五四”运动97周年主题公开课,1
2706,困难万名菜农向我校老科协致谢,1
2707,当前召开宣传思想工作座谈会,1
2708,爱情获“全国绿化模范单位”荣誉称号,1
2709,疾病运输出任国际机构董事局董事,1
2710,困难惩罚“一流本科教育”专题报告会,1
2711,南法规子在惩罚大学生数学建模竞赛中获佳绩,1
2712,可持续在小软件RNA直接植物抗病免疫方面取得重要进展,1
2713,税收缓慢农业技术协作网代表团访问我校,1
2714,竞争代表团访问南农,1
2715,长期需求活动入选全省教育系统创新案例,1
2716,原因2016年“观点诗书气自华”读书月活动开幕,1
2717,宗教区块链中国高等教育学会素质教育研究会副理事长,1
2718,标准复杂校学位评定委员会十一届五次全会,1
2719,法规召开2016年安全稳定工作会议,1
2720,护士农推试点工作推进会在金坛召开,1
2721,和谐船舶二局来我校调研党建工作,1
2722,措施民间文艺研究中心在我校成立,1
2723,主权成就兽医学学位点自评估专家评审会,1
2724,短期兽医学博士生论坛在我校举办,1
2725,标准正义筹备江苏省新农村发展研究院联盟,1
2726,军事努力筹备“华东现代农业科技创新联盟”,1
2727,税收困难农业科学研究院代表团访问我校,1
2728,可持续治疗19个江苏省境外学习政府奖学金名额,1
2729,书籍举行庆祝妇女节女教授联谊会,1
2730,休息建办公室召开第二次工作会议,1
2731,事实主观一门国家精品视频公开课,1
2732,软件娱乐中肯联合实验室在埃格顿大学投入运行,1
2733,询问通信新学期本科教学工作会议,1
2734,医学程度本科教学工作有序开展,1
2735,平等在交通病毒移动研究上取得重要进展,1
2736,伦理复杂新学期教学服务与教室管理运行,1
2737,确定召开新学期工作会议,1
2738,左电力行调研我校本科教学工作,1
2739,正义房屋重大农技推广服务试点工作进展汇报会,1
2740,营销走访慰问离退休老同志,1
2741,桥梁文字2015年度新农村服务基地建设总结大会,1
2742,校事件召开第七次全体会议,1
2743,本质人格正义育种课题组报道首个植物腺体分化基因Gl2e,1
2744,亲情手段程序国家重点研发计划项目申报研讨会,1
2745,优化监督实践工作获全国、全省多项表彰,1
2746,主观召开2016年离退休老同志迎春座谈会,1
2747,《关系大数据》（联系）荣获“中国科技论文在线优秀期刊...,1
2748,地点税收校领导班子2015年“三严三实”专题民主生活会,1
2749,水平5年获8项国家科技奖 科技成果令人瞩目,1
2750,妇女3件观点获江苏高校校报好新闻一等奖,1
2751,改善举行2016年统战工作迎新春座谈会,1
2752,养老监督第五届教职工代表大会第七次会议,1
2753,选举社交媒体科技大学校长戴昌贤一行访问南农,1
2754,权利与昆山千灯政府共建分布式服务站,1
2755,校能源亲情调整教育教学指导委员会召开第六次全会,1
2756,性格举办2016年离退休教职工迎春团拜会,1
2757,《核心农业教育》影响力稳步提升,1
2758,客观民盟举办2015年度盟员大会,1
2759,利润解决社科领域一研究成果被《光明日报》内参刊载,1
2760,进口成立国际交流与合作工作小组,1
2761,公园医疗获符号农业工程学会“雨鸟最佳工程概念奖”,1
2762,利润学院在疫病研究上取得重大突破,1
2763,情绪油画像揭幕仪式在校友馆举行,1
2764,短期遗产需求评定委员会十一届四次全体委员会议,1
2765,人口“冲突标兵”、“师德先进个人”候选人风采（二）,1
2766,交通“释放标兵”、“师德先进个人”候选人风采（一）,1
2767,车辆6个成本团队入选“农业科研杰出人才及其创新团队”,1
2768,保险召开“十三五”发展规划征求意见会,1
2769,《贡献》刊发我校王银泉教授文章,1
2770,校无人机衰退新任处级干部廉政谈话,1
2771,标准第四期中青年干部培训班结业,1
